Time,Node Power (W),IB Switch Power AC estimated (W),Total Power (W)
2023-04-28 22:00:00,60229,2470,62699
2023-04-28 22:00:02,60192,2470,62662
2023-04-28 22:00:03,60118,2470,62588
2023-04-28 22:00:04,60081,2470,62551
2023-04-28 22:00:04,60044,2470,62514
2023-04-28 22:00:05,60044,2470,62514
2023-04-28 22:00:07,60081,2470,62551
2023-04-28 22:00:08,60118,2470,62588
2023-04-28 22:00:08,60118,2470,62588
2023-04-28 22:00:10,60118,2470,62588
2023-04-28 22:00:10,60155,2470,62625
2023-04-28 22:00:12,60155,2470,62625
2023-04-28 22:00:12,60118,2470,62588
2023-04-28 22:00:13,60081,2470,62551
2023-04-28 22:00:14,60118,2470,62588
2023-04-28 22:00:16,60118,2470,62588
2023-04-28 22:00:16,60118,2470,62588
2023-04-28 22:00:17,60118,2470,62588
2023-04-28 22:00:19,60081,2470,62551
2023-04-28 22:00:20,60081,2470,62551
2023-04-28 22:00:21,60081,2470,62551
2023-04-28 22:00:22,60044,2470,62514
2023-04-28 22:00:23,60044,2470,62514
2023-04-28 22:00:24,60044,2470,62514
2023-04-28 22:00:25,60007,2470,62477
2023-04-28 22:00:26,60081,2470,62551
2023-04-28 22:00:27,60155,2470,62625
2023-04-28 22:00:28,60192,2470,62662
2023-04-28 22:00:28,60155,2470,62625
2023-04-28 22:00:30,60192,2470,62662
2023-04-28 22:00:31,60081,2470,62551
2023-04-28 22:00:32,60081,2470,62551
2023-04-28 22:00:33,60118,2470,62588
2023-04-28 22:00:34,60155,2470,62625
2023-04-28 22:00:34,60118,2470,62588
2023-04-28 22:00:35,60192,2470,62662
2023-04-28 22:00:37,60118,2470,62588
2023-04-28 22:00:38,60118,2470,62588
2023-04-28 22:00:39,60081,2470,62551
2023-04-28 22:00:40,60118,2470,62588
2023-04-28 22:00:41,60155,2470,62625
2023-04-28 22:00:42,60155,2470,62625
2023-04-28 22:00:43,60155,2470,62625
2023-04-28 22:00:44,60155,2470,62625
2023-04-28 22:00:45,60118,2470,62588
2023-04-28 22:00:46,60118,2470,62588
2023-04-28 22:00:47,60118,2470,62588
2023-04-28 22:00:48,60118,2470,62588
2023-04-28 22:00:49,60081,2470,62551
2023-04-28 22:00:50,60118,2470,62588
2023-04-28 22:00:51,60118,2470,62588
2023-04-28 22:00:52,60229,2470,62699
2023-04-28 22:00:53,60229,2470,62699
2023-04-28 22:00:54,60118,2470,62588
2023-04-28 22:00:55,60081,2470,62551
2023-04-28 22:00:56,59674,2470,62144
2023-04-28 22:00:57,59268,2470,61738
2023-04-28 22:00:58,58898,2470,61368
2023-04-28 22:00:59,57937,2470,60407
2023-04-28 22:01:00,57382,2470,59852
2023-04-28 22:01:01,57012,2470,59482
2023-04-28 22:01:02,56938,2470,59408
2023-04-28 22:01:03,56827,2470,59297
2023-04-28 22:01:04,56790,2470,59260
2023-04-28 22:01:05,56717,2470,59187
2023-04-28 22:01:06,56717,2470,59187
2023-04-28 22:01:07,56717,2470,59187
2023-04-28 22:01:08,56717,2470,59187
2023-04-28 22:01:09,56717,2470,59187
2023-04-28 22:01:10,56717,2470,59187
2023-04-28 22:01:11,56680,2470,59150
2023-04-28 22:01:12,56680,2470,59150
2023-04-28 22:01:13,56680,2470,59150
2023-04-28 22:01:14,56606,2470,59076
2023-04-28 22:01:15,56606,2470,59076
2023-04-28 22:01:16,56643,2470,59113
2023-04-28 22:01:17,56643,2470,59113
2023-04-28 22:01:18,56680,2470,59150
2023-04-28 22:01:19,56754,2470,59224
2023-04-28 22:01:20,56827,2470,59297
2023-04-28 22:01:21,56827,2470,59297
2023-04-28 22:01:22,56864,2470,59334
2023-04-28 22:01:23,56827,2470,59297
2023-04-28 22:01:24,56717,2470,59187
2023-04-28 22:01:25,56680,2470,59150
2023-04-28 22:01:26,56680,2470,59150
2023-04-28 22:01:27,56606,2470,59076
2023-04-28 22:01:28,56606,2470,59076
2023-04-28 22:01:29,56606,2470,59076
2023-04-28 22:01:30,56606,2470,59076
2023-04-28 22:01:31,56643,2470,59113
2023-04-28 22:01:32,56643,2470,59113
2023-04-28 22:01:33,56680,2470,59150
2023-04-28 22:01:34,56643,2470,59113
2023-04-28 22:01:35,56643,2470,59113
2023-04-28 22:01:36,56643,2470,59113
2023-04-28 22:01:37,56643,2470,59113
2023-04-28 22:01:38,56680,2470,59150
2023-04-28 22:01:39,56680,2470,59150
2023-04-28 22:01:40,56717,2470,59187
2023-04-28 22:01:41,56643,2470,59113
2023-04-28 22:01:42,56643,2470,59113
2023-04-28 22:01:43,56643,2470,59113
2023-04-28 22:01:44,56643,2470,59113
2023-04-28 22:01:45,56680,2470,59150
2023-04-28 22:01:46,56717,2470,59187
2023-04-28 22:01:47,56717,2470,59187
2023-04-28 22:01:48,56717,2470,59187
2023-04-28 22:01:49,56680,2470,59150
2023-04-28 22:01:50,56643,2470,59113
2023-04-28 22:01:51,56643,2470,59113
2023-04-28 22:01:52,56569,2470,59039
2023-04-28 22:01:53,56569,2470,59039
2023-04-28 22:01:54,56569,2470,59039
2023-04-28 22:01:55,56643,2470,59113
2023-04-28 22:01:56,56754,2470,59224
2023-04-28 22:01:57,56754,2470,59224
2023-04-28 22:01:58,56790,2470,59260
2023-04-28 22:01:59,56827,2470,59297
2023-04-28 22:02:00,56754,2470,59224
2023-04-28 22:02:01,56790,2470,59260
2023-04-28 22:02:02,56827,2470,59297
2023-04-28 22:02:03,56754,2470,59224
2023-04-28 22:02:04,56790,2470,59260
2023-04-28 22:02:05,56827,2470,59297
2023-04-28 22:02:06,56938,2470,59408
2023-04-28 22:02:07,57049,2470,59519
2023-04-28 22:02:08,57234,2470,59704
2023-04-28 22:02:09,57419,2470,59889
2023-04-28 22:02:10,57789,2470,60259
2023-04-28 22:02:11,57826,2470,60296
2023-04-28 22:02:12,57752,2470,60222
2023-04-28 22:02:13,57641,2470,60111
2023-04-28 22:02:14,57604,2470,60074
2023-04-28 22:02:15,57604,2470,60074
2023-04-28 22:02:16,57530,2470,60000
2023-04-28 22:02:17,57493,2470,59963
2023-04-28 22:02:18,57567,2470,60037
2023-04-28 22:02:19,57530,2470,60000
2023-04-28 22:02:20,57641,2470,60111
2023-04-28 22:02:21,57715,2470,60185
2023-04-28 22:02:22,57752,2470,60222
2023-04-28 22:02:23,58011,2470,60481
2023-04-28 22:02:24,58491,2470,60961
2023-04-28 22:02:25,58972,2470,61442
2023-04-28 22:02:26,59342,2470,61812
2023-04-28 22:02:27,59674,2470,62144
2023-04-28 22:02:28,60266,2470,62736
2023-04-28 22:02:29,60562,2470,63032
2023-04-28 22:02:30,60747,2470,63217
2023-04-28 22:02:31,60784,2470,63254
2023-04-28 22:02:32,61893,2470,64363
2023-04-28 22:02:33,61967,2470,64437
2023-04-28 22:02:34,75351,2470,77821
2023-04-28 22:02:35,91027,2470,93497
2023-04-28 22:02:36,114246,2470,116716
2023-04-28 22:02:37,141717,2470,144187
2023-04-28 22:02:38,161202,2470,163672
2023-04-28 22:02:39,171666,2470,174136
2023-04-28 22:02:40,175104,2470,177574
2023-04-28 22:02:41,175511,2470,177981
2023-04-28 22:02:42,177544,2470,180014
2023-04-28 22:02:43,180687,2470,183157
2023-04-28 22:02:44,182683,2470,185153
2023-04-28 22:02:45,184014,2470,186484
2023-04-28 22:02:46,188082,2470,190552
2023-04-28 22:02:47,184384,2470,186854
2023-04-28 22:02:48,180095,2470,182565
2023-04-28 22:02:49,180983,2470,183453
2023-04-28 22:02:50,185050,2470,187520
2023-04-28 22:02:51,190559,2470,193029
2023-04-28 22:02:52,194552,2470,197022
2023-04-28 22:02:53,197436,2470,199906
2023-04-28 22:02:54,198175,2470,200645
2023-04-28 22:02:55,198730,2470,201200
2023-04-28 22:02:56,199950,2470,202420
2023-04-28 22:02:57,199617,2470,202087
2023-04-28 22:02:58,199062,2470,201532
2023-04-28 22:02:59,200135,2470,202605
2023-04-28 22:03:00,200763,2470,203233
2023-04-28 22:03:01,202279,2470,204749
2023-04-28 22:03:02,201466,2470,203936
2023-04-28 22:03:03,201133,2470,203603
2023-04-28 22:03:04,201540,2470,204010
2023-04-28 22:03:05,202723,2470,205193
2023-04-28 22:03:06,201983,2470,204453
2023-04-28 22:03:07,202316,2470,204786
2023-04-28 22:03:08,202242,2470,204712
2023-04-28 22:03:09,202760,2470,205230
2023-04-28 22:03:10,203610,2470,206080
2023-04-28 22:03:11,204202,2470,206672
2023-04-28 22:03:12,202723,2470,205193
2023-04-28 22:03:13,201725,2470,204195
2023-04-28 22:03:14,201392,2470,203862
2023-04-28 22:03:15,201429,2470,203899
2023-04-28 22:03:16,202464,2470,204934
2023-04-28 22:03:17,202797,2470,205267
2023-04-28 22:03:18,201540,2470,204010
2023-04-28 22:03:19,202020,2470,204490
2023-04-28 22:03:20,201392,2470,203862
2023-04-28 22:03:21,202427,2470,204897
2023-04-28 22:03:22,201798,2470,204268
2023-04-28 22:03:23,201429,2470,203899
2023-04-28 22:03:24,201466,2470,203936
2023-04-28 22:03:25,201059,2470,203529
2023-04-28 22:03:26,201983,2470,204453
2023-04-28 22:03:27,201909,2470,204379
2023-04-28 22:03:28,200800,2470,203270
2023-04-28 22:03:29,200541,2470,203011
2023-04-28 22:03:30,198952,2470,201422
2023-04-28 22:03:31,199802,2470,202272
2023-04-28 22:03:32,200024,2470,202494
2023-04-28 22:03:33,199432,2470,201902
2023-04-28 22:03:34,199432,2470,201902
2023-04-28 22:03:35,199580,2470,202050
2023-04-28 22:03:36,199062,2470,201532
2023-04-28 22:03:37,198767,2470,201237
2023-04-28 22:03:38,197103,2470,199573
2023-04-28 22:03:39,196068,2470,198538
2023-04-28 22:03:40,196659,2470,199129
2023-04-28 22:03:41,197584,2470,200054
2023-04-28 22:03:42,198434,2470,200904
2023-04-28 22:03:43,198064,2470,200534
2023-04-28 22:03:44,196068,2470,198538
2023-04-28 22:03:45,195476,2470,197946
2023-04-28 22:03:46,194552,2470,197022
2023-04-28 22:03:47,193701,2470,196171
2023-04-28 22:03:48,192777,2470,195247
2023-04-28 22:03:49,193517,2470,195987
2023-04-28 22:03:50,193738,2470,196208
2023-04-28 22:03:51,195291,2470,197761
2023-04-28 22:03:52,194367,2470,196837
2023-04-28 22:03:53,194958,2470,197428
2023-04-28 22:03:54,195587,2470,198057
2023-04-28 22:03:55,194848,2470,197318
2023-04-28 22:03:56,194811,2470,197281
2023-04-28 22:03:57,194811,2470,197281
2023-04-28 22:03:58,194404,2470,196874
2023-04-28 22:03:59,194219,2470,196689
2023-04-28 22:04:00,195254,2470,197724
2023-04-28 22:04:01,194737,2470,197207
2023-04-28 22:04:02,195069,2470,197539
2023-04-28 22:04:03,194774,2470,197244
2023-04-28 22:04:04,193073,2470,195543
2023-04-28 22:04:05,193221,2470,195691
2023-04-28 22:04:06,193147,2470,195617
2023-04-28 22:04:07,193480,2470,195950
2023-04-28 22:04:08,193369,2470,195839
2023-04-28 22:04:09,194330,2470,196800
2023-04-28 22:04:10,194256,2470,196726
2023-04-28 22:04:11,194478,2470,196948
2023-04-28 22:04:12,194995,2470,197465
2023-04-28 22:04:13,194811,2470,197281
2023-04-28 22:04:14,194663,2470,197133
2023-04-28 22:04:15,194182,2470,196652
2023-04-28 22:04:16,193738,2470,196208
2023-04-28 22:04:17,193960,2470,196430
2023-04-28 22:04:18,193997,2470,196467
2023-04-28 22:04:19,193369,2470,195839
2023-04-28 22:04:20,193517,2470,195987
2023-04-28 22:04:21,192296,2470,194766
2023-04-28 22:04:22,192186,2470,194656
2023-04-28 22:04:23,192777,2470,195247
2023-04-28 22:04:24,192259,2470,194729
2023-04-28 22:04:25,192814,2470,195284
2023-04-28 22:04:26,192999,2470,195469
2023-04-28 22:04:27,193590,2470,196060
2023-04-28 22:04:28,193738,2470,196208
2023-04-28 22:04:29,193997,2470,196467
2023-04-28 22:04:30,193738,2470,196208
2023-04-28 22:04:31,193627,2470,196097
2023-04-28 22:04:32,192407,2470,194877
2023-04-28 22:04:33,191964,2470,194434
2023-04-28 22:04:34,191520,2470,193990
2023-04-28 22:04:35,191520,2470,193990
2023-04-28 22:04:36,192222,2470,194692
2023-04-28 22:04:37,193258,2470,195728
2023-04-28 22:04:38,193738,2470,196208
2023-04-28 22:04:39,192777,2470,195247
2023-04-28 22:04:40,192112,2470,194582
2023-04-28 22:04:41,192075,2470,194545
2023-04-28 22:04:42,191890,2470,194360
2023-04-28 22:04:43,191816,2470,194286
2023-04-28 22:04:44,193997,2470,196467
2023-04-28 22:04:45,192925,2470,195395
2023-04-28 22:04:46,192666,2470,195136
2023-04-28 22:04:47,193849,2470,196319
2023-04-28 22:04:48,193332,2470,195802
2023-04-28 22:04:49,193738,2470,196208
2023-04-28 22:04:50,193997,2470,196467
2023-04-28 22:04:51,193627,2470,196097
2023-04-28 22:04:52,193554,2470,196024
2023-04-28 22:04:53,193110,2470,195580
2023-04-28 22:04:54,193147,2470,195617
2023-04-28 22:04:55,192555,2470,195025
2023-04-28 22:04:56,192629,2470,195099
2023-04-28 22:04:57,192703,2470,195173
2023-04-28 22:04:58,193073,2470,195543
2023-04-28 22:04:59,192740,2470,195210
2023-04-28 22:05:00,193036,2470,195506
2023-04-28 22:05:01,192481,2470,194951
2023-04-28 22:05:02,192370,2470,194840
2023-04-28 22:05:03,193147,2470,195617
2023-04-28 22:05:04,191335,2470,193805
2023-04-28 22:05:05,192740,2470,195210
2023-04-28 22:05:06,192001,2470,194471
2023-04-28 22:05:07,191927,2470,194397
2023-04-28 22:05:08,192999,2470,195469
2023-04-28 22:05:09,194330,2470,196800
2023-04-28 22:05:10,193960,2470,196430
2023-04-28 22:05:11,194367,2470,196837
2023-04-28 22:05:12,194256,2470,196726
2023-04-28 22:05:13,193960,2470,196430
2023-04-28 22:05:14,192999,2470,195469
2023-04-28 22:05:15,192814,2470,195284
2023-04-28 22:05:16,191668,2470,194138
2023-04-28 22:05:17,191631,2470,194101
2023-04-28 22:05:18,193184,2470,195654
2023-04-28 22:05:19,192925,2470,195395
2023-04-28 22:05:20,193480,2470,195950
2023-04-28 22:05:21,193073,2470,195543
2023-04-28 22:05:22,191409,2470,193879
2023-04-28 22:05:23,190633,2470,193103
2023-04-28 22:05:24,190744,2470,193214
2023-04-28 22:05:25,191372,2470,193842
2023-04-28 22:05:26,191927,2470,194397
2023-04-28 22:05:27,192999,2470,195469
2023-04-28 22:05:28,192370,2470,194840
2023-04-28 22:05:29,192370,2470,194840
2023-04-28 22:05:30,191594,2470,194064
2023-04-28 22:05:31,190152,2470,192622
2023-04-28 22:05:32,188525,2470,190995
2023-04-28 22:05:33,188636,2470,191106
2023-04-28 22:05:34,188303,2470,190773
2023-04-28 22:05:35,188895,2470,191365
2023-04-28 22:05:36,189413,2470,191883
2023-04-28 22:05:37,189819,2470,192289
2023-04-28 22:05:38,188895,2470,191365
2023-04-28 22:05:39,188599,2470,191069
2023-04-28 22:05:40,189782,2470,192252
2023-04-28 22:05:41,188229,2470,190699
2023-04-28 22:05:42,186714,2470,189184
2023-04-28 22:05:43,186492,2470,188962
2023-04-28 22:05:44,185937,2470,188407
2023-04-28 22:05:45,183756,2470,186226
2023-04-28 22:05:46,183571,2470,186041
2023-04-28 22:05:47,186714,2470,189184
2023-04-28 22:05:48,187453,2470,189923
2023-04-28 22:05:49,186085,2470,188555
2023-04-28 22:05:50,186011,2470,188481
2023-04-28 22:05:51,184643,2470,187113
2023-04-28 22:05:52,183312,2470,185782
2023-04-28 22:05:53,185789,2470,188259
2023-04-28 22:05:54,183423,2470,185893
2023-04-28 22:05:55,185530,2470,188000
2023-04-28 22:05:56,186677,2470,189147
2023-04-28 22:05:57,184939,2470,187409
2023-04-28 22:05:58,183682,2470,186152
2023-04-28 22:05:59,182757,2470,185227
2023-04-28 22:06:00,181426,2470,183896
2023-04-28 22:06:01,181242,2470,183712
2023-04-28 22:06:02,181352,2470,183822
2023-04-28 22:06:03,180391,2470,182861
2023-04-28 22:06:04,179874,2470,182344
2023-04-28 22:06:05,182425,2470,184895
2023-04-28 22:06:06,177729,2470,180199
2023-04-28 22:06:07,176398,2470,178868
2023-04-28 22:06:08,176620,2470,179090
2023-04-28 22:06:09,176139,2470,178609
2023-04-28 22:06:10,174771,2470,177241
2023-04-28 22:06:11,175806,2470,178276
2023-04-28 22:06:12,174143,2470,176613
2023-04-28 22:06:13,172960,2470,175430
2023-04-28 22:06:14,174402,2470,176872
2023-04-28 22:06:15,173625,2470,176095
2023-04-28 22:06:16,175843,2470,178313
2023-04-28 22:06:17,175252,2470,177722
2023-04-28 22:06:18,175141,2470,177611
2023-04-28 22:06:19,174291,2470,176761
2023-04-28 22:06:20,175548,2470,178018
2023-04-28 22:06:21,175548,2470,178018
2023-04-28 22:06:22,175030,2470,177500
2023-04-28 22:06:23,173514,2470,175984
2023-04-28 22:06:24,170889,2470,173359
2023-04-28 22:06:25,169225,2470,171695
2023-04-28 22:06:26,168708,2470,171178
2023-04-28 22:06:27,167081,2470,169551
2023-04-28 22:06:28,169484,2470,171954
2023-04-28 22:06:29,168412,2470,170882
2023-04-28 22:06:30,169965,2470,172435
2023-04-28 22:06:31,169854,2470,172324
2023-04-28 22:06:32,173403,2470,175873
2023-04-28 22:06:33,172516,2470,174986
2023-04-28 22:06:34,172257,2470,174727
2023-04-28 22:06:35,170187,2470,172657
2023-04-28 22:06:36,166157,2470,168627
2023-04-28 22:06:37,166083,2470,168553
2023-04-28 22:06:38,165121,2470,167591
2023-04-28 22:06:39,162533,2470,165003
2023-04-28 22:06:40,162163,2470,164633
2023-04-28 22:06:41,161942,2470,164412
2023-04-28 22:06:42,162237,2470,164707
2023-04-28 22:06:43,164567,2470,167037
2023-04-28 22:06:44,163716,2470,166186
2023-04-28 22:06:45,164197,2470,166667
2023-04-28 22:06:46,164271,2470,166741
2023-04-28 22:06:47,164123,2470,166593
2023-04-28 22:06:48,164086,2470,166556
2023-04-28 22:06:49,162755,2470,165225
2023-04-28 22:06:50,161350,2470,163820
2023-04-28 22:06:51,160537,2470,163007
2023-04-28 22:06:52,159206,2470,161676
2023-04-28 22:06:53,157727,2470,160197
2023-04-28 22:06:54,157801,2470,160271
2023-04-28 22:06:55,157542,2470,160012
2023-04-28 22:06:56,157172,2470,159642
2023-04-28 22:06:57,153882,2470,156352
2023-04-28 22:06:58,153512,2470,155982
2023-04-28 22:06:59,151700,2470,154170
2023-04-28 22:07:00,150554,2470,153024
2023-04-28 22:07:01,149001,2470,151471
2023-04-28 22:07:02,149223,2470,151693
2023-04-28 22:07:03,149001,2470,151471
2023-04-28 22:07:04,148188,2470,150658
2023-04-28 22:07:05,149001,2470,151471
2023-04-28 22:07:06,146339,2470,148809
2023-04-28 22:07:07,144786,2470,147256
2023-04-28 22:07:08,144823,2470,147293
2023-04-28 22:07:09,145045,2470,147515
2023-04-28 22:07:10,142124,2470,144594
2023-04-28 22:07:11,141385,2470,143855
2023-04-28 22:07:12,140719,2470,143189
2023-04-28 22:07:13,140645,2470,143115
2023-04-28 22:07:14,138501,2470,140971
2023-04-28 22:07:15,136726,2470,139196
2023-04-28 22:07:16,136134,2470,138604
2023-04-28 22:07:17,136098,2470,138568
2023-04-28 22:07:18,134693,2470,137163
2023-04-28 22:07:19,135099,2470,137569
2023-04-28 22:07:20,130256,2470,132726
2023-04-28 22:07:21,130330,2470,132800
2023-04-28 22:07:22,130330,2470,132800
2023-04-28 22:07:23,128629,2470,131099
2023-04-28 22:07:24,126706,2470,129176
2023-04-28 22:07:25,126263,2470,128733
2023-04-28 22:07:26,122824,2470,125294
2023-04-28 22:07:27,123342,2470,125812
2023-04-28 22:07:28,121197,2470,123667
2023-04-28 22:07:29,121382,2470,123852
2023-04-28 22:07:30,119977,2470,122447
2023-04-28 22:07:31,119608,2470,122078
2023-04-28 22:07:32,117352,2470,119822
2023-04-28 22:07:33,117648,2470,120118
2023-04-28 22:07:34,114875,2470,117345
2023-04-28 22:07:35,111178,2470,113648
2023-04-28 22:07:36,110586,2470,113056
2023-04-28 22:07:37,108220,2470,110690
2023-04-28 22:07:38,105928,2470,108398
2023-04-28 22:07:39,105632,2470,108102
2023-04-28 22:07:40,105299,2470,107769
2023-04-28 22:07:41,103968,2470,106438
2023-04-28 22:07:42,102415,2470,104885
2023-04-28 22:07:43,99642,2470,102112
2023-04-28 22:07:44,97941,2470,100411
2023-04-28 22:07:45,96315,2470,98785
2023-04-28 22:07:46,94392,2470,96862
2023-04-28 22:07:47,92063,2470,94533
2023-04-28 22:07:48,90917,2470,93387
2023-04-28 22:07:49,89659,2470,92129
2023-04-28 22:07:50,92063,2470,94533
2023-04-28 22:07:51,95501,2470,97971
2023-04-28 22:07:52,100825,2470,103295
2023-04-28 22:07:53,126189,2470,128659
2023-04-28 22:07:54,150554,2470,153024
2023-04-28 22:07:55,165269,2470,167739
2023-04-28 22:07:56,174808,2470,177278
2023-04-28 22:07:57,180206,2470,182676
2023-04-28 22:07:58,182573,2470,185043
2023-04-28 22:07:59,183904,2470,186374
2023-04-28 22:08:00,185235,2470,187705
2023-04-28 22:08:01,185124,2470,187594
2023-04-28 22:08:02,184199,2470,186669
2023-04-28 22:08:03,181759,2470,184229
2023-04-28 22:08:04,181648,2470,184118
2023-04-28 22:08:05,177877,2470,180347
2023-04-28 22:08:06,174771,2470,177241
2023-04-28 22:08:07,176953,2470,179423
2023-04-28 22:08:08,178690,2470,181160
2023-04-28 22:08:09,185346,2470,187816
2023-04-28 22:08:10,190004,2470,192474
2023-04-28 22:08:11,190818,2470,193288
2023-04-28 22:08:12,190374,2470,192844
2023-04-28 22:08:13,190744,2470,193214
2023-04-28 22:08:14,190115,2470,192585
2023-04-28 22:08:15,190300,2470,192770
2023-04-28 22:08:16,191483,2470,193953
2023-04-28 22:08:17,192444,2470,194914
2023-04-28 22:08:19,192814,2470,195284
2023-04-28 22:08:19,192814,2470,195284
2023-04-28 22:08:20,192333,2470,194803
2023-04-28 22:08:21,192629,2470,195099
2023-04-28 22:08:22,193369,2470,195839
2023-04-28 22:08:23,193073,2470,195543
2023-04-28 22:08:24,192925,2470,195395
2023-04-28 22:08:25,192851,2470,195321
2023-04-28 22:08:26,193480,2470,195950
2023-04-28 22:08:27,193886,2470,196356
2023-04-28 22:08:29,193295,2470,195765
2023-04-28 22:08:29,192962,2470,195432
2023-04-28 22:08:30,192112,2470,194582
2023-04-28 22:08:31,192592,2470,195062
2023-04-28 22:08:32,193923,2470,196393
2023-04-28 22:08:33,194774,2470,197244
2023-04-28 22:08:34,194811,2470,197281
2023-04-28 22:08:35,194515,2470,196985
2023-04-28 22:08:36,194478,2470,196948
2023-04-28 22:08:37,194885,2470,197355
2023-04-28 22:08:38,194958,2470,197428
2023-04-28 22:08:39,195032,2470,197502
2023-04-28 22:08:40,195143,2470,197613
2023-04-28 22:08:41,194811,2470,197281
2023-04-28 22:08:42,195217,2470,197687
2023-04-28 22:08:43,196142,2470,198612
2023-04-28 22:08:44,195698,2470,198168
2023-04-28 22:08:45,195291,2470,197761
2023-04-28 22:08:46,194700,2470,197170
2023-04-28 22:08:47,195291,2470,197761
2023-04-28 22:08:48,195661,2470,198131
2023-04-28 22:08:49,196770,2470,199240
2023-04-28 22:08:50,196696,2470,199166
2023-04-28 22:08:51,196216,2470,198686
2023-04-28 22:08:52,196400,2470,198870
2023-04-28 22:08:53,196696,2470,199166
2023-04-28 22:08:54,196955,2470,199425
2023-04-28 22:08:55,196290,2470,198760
2023-04-28 22:08:56,195217,2470,197687
2023-04-28 22:08:57,195217,2470,197687
2023-04-28 22:08:58,196105,2470,198575
2023-04-28 22:08:59,196770,2470,199240
2023-04-28 22:09:00,195143,2470,197613
2023-04-28 22:09:01,195402,2470,197872
2023-04-28 22:09:03,195587,2470,198057
2023-04-28 22:09:03,195624,2470,198094
2023-04-28 22:09:05,195883,2470,198353
2023-04-28 22:09:05,195402,2470,197872
2023-04-28 22:09:06,193332,2470,195802
2023-04-28 22:09:07,193701,2470,196171
2023-04-28 22:09:08,193406,2470,195876
2023-04-28 22:09:09,193184,2470,195654
2023-04-28 22:09:10,192925,2470,195395
2023-04-28 22:09:11,193147,2470,195617
2023-04-28 22:09:12,192629,2470,195099
2023-04-28 22:09:13,194145,2470,196615
2023-04-28 22:09:14,195735,2470,198205
2023-04-28 22:09:15,195698,2470,198168
2023-04-28 22:09:16,195180,2470,197650
2023-04-28 22:09:17,194219,2470,196689
2023-04-28 22:09:18,192925,2470,195395
2023-04-28 22:09:19,194034,2470,196504
2023-04-28 22:09:20,193590,2470,196060
2023-04-28 22:09:21,193110,2470,195580
2023-04-28 22:09:22,192851,2470,195321
2023-04-28 22:09:23,193406,2470,195876
2023-04-28 22:09:24,193184,2470,195654
2023-04-28 22:09:25,193701,2470,196171
2023-04-28 22:09:26,193554,2470,196024
2023-04-28 22:09:27,192925,2470,195395
2023-04-28 22:09:28,194330,2470,196800
2023-04-28 22:09:29,194626,2470,197096
2023-04-28 22:09:31,194811,2470,197281
2023-04-28 22:09:31,195735,2470,198205
2023-04-28 22:09:33,194626,2470,197096
2023-04-28 22:09:33,192149,2470,194619
2023-04-28 22:09:34,191816,2470,194286
2023-04-28 22:09:35,191372,2470,193842
2023-04-28 22:09:37,191150,2470,193620
2023-04-28 22:09:37,193147,2470,195617
2023-04-28 22:09:38,193997,2470,196467
2023-04-28 22:09:40,194367,2470,196837
2023-04-28 22:09:40,194737,2470,197207
2023-04-28 22:09:42,194885,2470,197355
2023-04-28 22:09:43,195069,2470,197539
2023-04-28 22:09:44,195439,2470,197909
2023-04-28 22:09:44,195180,2470,197650
2023-04-28 22:09:46,194700,2470,197170
2023-04-28 22:09:47,194145,2470,196615
2023-04-28 22:09:47,193775,2470,196245
2023-04-28 22:09:48,193701,2470,196171
2023-04-28 22:09:50,193812,2470,196282
2023-04-28 22:09:51,193406,2470,195876
2023-04-28 22:09:52,193147,2470,195617
2023-04-28 22:09:53,193073,2470,195543
2023-04-28 22:09:54,191890,2470,194360
2023-04-28 22:09:55,191224,2470,193694
2023-04-28 22:09:56,190781,2470,193251
2023-04-28 22:09:57,190818,2470,193288
2023-04-28 22:09:58,191742,2470,194212
2023-04-28 22:09:59,191631,2470,194101
2023-04-28 22:10:00,191779,2470,194249
2023-04-28 22:10:01,194108,2470,196578
2023-04-28 22:10:02,193923,2470,196393
2023-04-28 22:10:03,194034,2470,196504
2023-04-28 22:10:04,192925,2470,195395
2023-04-28 22:10:05,193221,2470,195691
2023-04-28 22:10:06,192518,2470,194988
2023-04-28 22:10:07,193073,2470,195543
2023-04-28 22:10:08,193110,2470,195580
2023-04-28 22:10:09,193110,2470,195580
2023-04-28 22:10:10,192592,2470,195062
2023-04-28 22:10:11,193147,2470,195617
2023-04-28 22:10:12,193369,2470,195839
2023-04-28 22:10:13,193443,2470,195913
2023-04-28 22:10:14,193517,2470,195987
2023-04-28 22:10:15,194219,2470,196689
2023-04-28 22:10:16,194367,2470,196837
2023-04-28 22:10:17,194515,2470,196985
2023-04-28 22:10:18,194219,2470,196689
2023-04-28 22:10:19,192851,2470,195321
2023-04-28 22:10:20,192592,2470,195062
2023-04-28 22:10:21,193369,2470,195839
2023-04-28 22:10:22,193073,2470,195543
2023-04-28 22:10:23,193554,2470,196024
2023-04-28 22:10:24,193036,2470,195506
2023-04-28 22:10:25,193775,2470,196245
2023-04-28 22:10:26,193369,2470,195839
2023-04-28 22:10:27,192888,2470,195358
2023-04-28 22:10:28,192333,2470,194803
2023-04-28 22:10:29,192112,2470,194582
2023-04-28 22:10:30,192112,2470,194582
2023-04-28 22:10:31,193775,2470,196245
2023-04-28 22:10:32,193295,2470,195765
2023-04-28 22:10:33,193221,2470,195691
2023-04-28 22:10:34,192740,2470,195210
2023-04-28 22:10:35,192740,2470,195210
2023-04-28 22:10:36,193332,2470,195802
2023-04-28 22:10:37,193701,2470,196171
2023-04-28 22:10:38,192444,2470,194914
2023-04-28 22:10:39,190744,2470,193214
2023-04-28 22:10:40,191113,2470,193583
2023-04-28 22:10:41,190854,2470,193324
2023-04-28 22:10:42,192740,2470,195210
2023-04-28 22:10:43,192592,2470,195062
2023-04-28 22:10:44,192038,2470,194508
2023-04-28 22:10:45,191742,2470,194212
2023-04-28 22:10:46,190818,2470,193288
2023-04-28 22:10:47,189597,2470,192067
2023-04-28 22:10:48,189523,2470,191993
2023-04-28 22:10:49,189893,2470,192363
2023-04-28 22:10:50,190300,2470,192770
2023-04-28 22:10:51,191113,2470,193583
2023-04-28 22:10:52,191002,2470,193472
2023-04-28 22:10:53,190115,2470,192585
2023-04-28 22:10:54,190041,2470,192511
2023-04-28 22:10:55,190633,2470,193103
2023-04-28 22:10:56,190115,2470,192585
2023-04-28 22:10:57,189043,2470,191513
2023-04-28 22:10:58,190189,2470,192659
2023-04-28 22:10:59,190818,2470,193288
2023-04-28 22:11:00,191372,2470,193842
2023-04-28 22:11:01,190854,2470,193324
2023-04-28 22:11:02,189560,2470,192030
2023-04-28 22:11:03,187194,2470,189664
2023-04-28 22:11:04,186898,2470,189368
2023-04-28 22:11:05,187897,2470,190367
2023-04-28 22:11:06,188377,2470,190847
2023-04-28 22:11:07,188008,2470,190478
2023-04-28 22:11:08,188082,2470,190552
2023-04-28 22:11:09,186972,2470,189442
2023-04-28 22:11:10,184717,2470,187187
2023-04-28 22:11:11,185161,2470,187631
2023-04-28 22:11:12,186270,2470,188740
2023-04-28 22:11:13,185198,2470,187668
2023-04-28 22:11:14,185456,2470,187926
2023-04-28 22:11:15,182573,2470,185043
2023-04-28 22:11:16,183275,2470,185745
2023-04-28 22:11:17,182203,2470,184673
2023-04-28 22:11:18,181463,2470,183933
2023-04-28 22:11:19,180502,2470,182972
2023-04-28 22:11:20,179208,2470,181678
2023-04-28 22:11:21,178986,2470,181456
2023-04-28 22:11:22,182092,2470,184562
2023-04-28 22:11:23,182720,2470,185190
2023-04-28 22:11:24,183275,2470,185745
2023-04-28 22:11:25,181981,2470,184451
2023-04-28 22:11:26,184643,2470,187113
2023-04-28 22:11:27,183349,2470,185819
2023-04-28 22:11:28,184014,2470,186484
2023-04-28 22:11:29,183349,2470,185819
2023-04-28 22:11:30,177803,2470,180273
2023-04-28 22:11:31,176768,2470,179238
2023-04-28 22:11:32,175548,2470,178018
2023-04-28 22:11:33,177729,2470,180199
2023-04-28 22:11:34,177211,2470,179681
2023-04-28 22:11:35,177840,2470,180310
2023-04-28 22:11:36,176879,2470,179349
2023-04-28 22:11:37,175141,2470,177611
2023-04-28 22:11:38,175511,2470,177981
2023-04-28 22:11:39,173181,2470,175651
2023-04-28 22:11:40,174882,2470,177352
2023-04-28 22:11:41,170852,2470,173322
2023-04-28 22:11:42,168412,2470,170882
2023-04-28 22:11:43,168079,2470,170549
2023-04-28 22:11:44,166526,2470,168996
2023-04-28 22:11:45,166785,2470,169255
2023-04-28 22:11:46,167783,2470,170253
2023-04-28 22:11:47,168782,2470,171252
2023-04-28 22:11:48,169410,2470,171880
2023-04-28 22:11:49,169299,2470,171769
2023-04-28 22:11:50,168671,2470,171141
2023-04-28 22:11:51,169040,2470,171510
2023-04-28 22:11:52,169595,2470,172065
2023-04-28 22:11:53,172627,2470,175097
2023-04-28 22:11:54,173662,2470,176132
2023-04-28 22:11:55,173514,2470,175984
2023-04-28 22:11:56,173292,2470,175762
2023-04-28 22:11:57,171961,2470,174431
2023-04-28 22:11:58,172960,2470,175430
2023-04-28 22:11:59,171074,2470,173544
2023-04-28 22:12:00,167783,2470,170253
2023-04-28 22:12:01,168227,2470,170697
2023-04-28 22:12:02,166304,2470,168774
2023-04-28 22:12:03,164345,2470,166815
2023-04-28 22:12:04,163864,2470,166334
2023-04-28 22:12:05,163679,2470,166149
2023-04-28 22:12:06,163199,2470,165669
2023-04-28 22:12:07,162903,2470,165373
2023-04-28 22:12:08,163458,2470,165928
2023-04-28 22:12:09,161091,2470,163561
2023-04-28 22:12:10,160722,2470,163192
2023-04-28 22:12:11,160389,2470,162859
2023-04-28 22:12:12,160537,2470,163007
2023-04-28 22:12:13,156987,2470,159457
2023-04-28 22:12:14,156544,2470,159014
2023-04-28 22:12:15,156728,2470,159198
2023-04-28 22:12:16,156765,2470,159235
2023-04-28 22:12:17,157801,2470,160271
2023-04-28 22:12:18,157024,2470,159494
2023-04-28 22:12:19,155804,2470,158274
2023-04-28 22:12:20,151885,2470,154355
2023-04-28 22:12:21,151885,2470,154355
2023-04-28 22:12:22,150406,2470,152876
2023-04-28 22:12:23,149371,2470,151841
2023-04-28 22:12:24,150628,2470,153098
2023-04-28 22:12:25,150591,2470,153061
2023-04-28 22:12:26,145415,2470,147885
2023-04-28 22:12:27,143640,2470,146110
2023-04-28 22:12:28,143529,2470,145999
2023-04-28 22:12:29,144232,2470,146702
2023-04-28 22:12:30,144934,2470,147404
2023-04-28 22:12:31,145637,2470,148107
2023-04-28 22:12:32,144564,2470,147034
2023-04-28 22:12:33,141533,2470,144003
2023-04-28 22:12:34,142161,2470,144631
2023-04-28 22:12:35,139980,2470,142450
2023-04-28 22:12:36,140128,2470,142598
2023-04-28 22:12:37,138907,2470,141377
2023-04-28 22:12:38,137613,2470,140083
2023-04-28 22:12:39,134840,2470,137310
2023-04-28 22:12:40,133620,2470,136090
2023-04-28 22:12:41,133029,2470,135499
2023-04-28 22:12:42,131661,2470,134131
2023-04-28 22:12:43,126558,2470,129028
2023-04-28 22:12:44,124858,2470,127328
2023-04-28 22:12:45,125338,2470,127808
2023-04-28 22:12:46,123933,2470,126403
2023-04-28 22:12:47,123416,2470,125886
2023-04-28 22:12:48,122196,2470,124666
2023-04-28 22:12:49,120902,2470,123372
2023-04-28 22:12:50,119460,2470,121930
2023-04-28 22:12:51,117500,2470,119970
2023-04-28 22:12:52,115947,2470,118417
2023-04-28 22:12:53,115725,2470,118195
2023-04-28 22:12:54,115430,2470,117900
2023-04-28 22:12:55,113433,2470,115903
2023-04-28 22:12:56,109477,2470,111947
2023-04-28 22:12:57,107924,2470,110394
2023-04-28 22:12:58,108294,2470,110764
2023-04-28 22:12:59,103746,2470,106216
2023-04-28 22:13:00,103081,2470,105551
2023-04-28 22:13:01,101898,2470,104368
2023-04-28 22:13:02,100751,2470,103221
2023-04-28 22:13:03,99790,2470,102260
2023-04-28 22:13:04,96943,2470,99413
2023-04-28 22:13:05,95464,2470,97934
2023-04-28 22:13:06,95316,2470,97786
2023-04-28 22:13:07,93653,2470,96123
2023-04-28 22:13:08,90510,2470,92980
2023-04-28 22:13:09,91249,2470,93719
2023-04-28 22:13:10,92950,2470,95420
2023-04-28 22:13:11,104670,2470,107140
2023-04-28 22:13:12,132252,2470,134722
2023-04-28 22:13:13,154510,2470,156980
2023-04-28 22:13:14,173329,2470,175799
2023-04-28 22:13:15,180502,2470,182972
2023-04-28 22:13:16,183645,2470,186115
2023-04-28 22:13:17,184643,2470,187113
2023-04-28 22:13:18,184569,2470,187039
2023-04-28 22:13:19,185013,2470,187483
2023-04-28 22:13:20,184273,2470,186743
2023-04-28 22:13:21,185235,2470,187705
2023-04-28 22:13:22,185419,2470,187889
2023-04-28 22:13:23,185456,2470,187926
2023-04-28 22:13:24,185346,2470,187816
2023-04-28 22:13:25,183830,2470,186300
2023-04-28 22:13:26,183719,2470,186189
2023-04-28 22:13:27,184680,2470,187150
2023-04-28 22:13:28,188082,2470,190552
2023-04-28 22:13:29,190744,2470,193214
2023-04-28 22:13:30,190559,2470,193029
2023-04-28 22:13:31,190633,2470,193103
2023-04-28 22:13:32,190300,2470,192770
2023-04-28 22:13:33,190707,2470,193177
2023-04-28 22:13:34,191335,2470,193805
2023-04-28 22:13:35,192112,2470,194582
2023-04-28 22:13:36,192703,2470,195173
2023-04-28 22:13:37,191705,2470,194175
2023-04-28 22:13:38,189339,2470,191809
2023-04-28 22:13:39,188858,2470,191328
2023-04-28 22:13:40,190522,2470,192992
2023-04-28 22:13:41,190781,2470,193251
2023-04-28 22:13:42,191557,2470,194027
2023-04-28 22:13:43,190633,2470,193103
2023-04-28 22:13:44,191002,2470,193472
2023-04-28 22:13:45,191890,2470,194360
2023-04-28 22:13:46,193369,2470,195839
2023-04-28 22:13:47,194367,2470,196837
2023-04-28 22:13:48,194958,2470,197428
2023-04-28 22:13:49,194995,2470,197465
2023-04-28 22:13:50,193960,2470,196430
2023-04-28 22:13:51,193923,2470,196393
2023-04-28 22:13:52,193812,2470,196282
2023-04-28 22:13:53,195587,2470,198057
2023-04-28 22:13:54,195291,2470,197761
2023-04-28 22:13:55,195143,2470,197613
2023-04-28 22:13:56,196290,2470,198760
2023-04-28 22:13:57,196031,2470,198501
2023-04-28 22:13:58,195994,2470,198464
2023-04-28 22:13:59,196881,2470,199351
2023-04-28 22:14:00,196142,2470,198612
2023-04-28 22:14:01,196400,2470,198870
2023-04-28 22:14:02,196437,2470,198907
2023-04-28 22:14:03,196437,2470,198907
2023-04-28 22:14:04,196437,2470,198907
2023-04-28 22:14:05,195920,2470,198390
2023-04-28 22:14:06,194774,2470,197244
2023-04-28 22:14:07,194663,2470,197133
2023-04-28 22:14:08,194700,2470,197170
2023-04-28 22:14:09,194995,2470,197465
2023-04-28 22:14:10,194145,2470,196615
2023-04-28 22:14:11,194774,2470,197244
2023-04-28 22:14:12,194589,2470,197059
2023-04-28 22:14:13,196179,2470,198649
2023-04-28 22:14:14,196733,2470,199203
2023-04-28 22:14:15,196881,2470,199351
2023-04-28 22:14:16,197362,2470,199832
2023-04-28 22:14:17,196918,2470,199388
2023-04-28 22:14:18,196918,2470,199388
2023-04-28 22:14:19,196548,2470,199018
2023-04-28 22:14:20,196290,2470,198760
2023-04-28 22:14:21,196955,2470,199425
2023-04-28 22:14:22,196955,2470,199425
2023-04-28 22:14:23,196733,2470,199203
2023-04-28 22:14:24,196696,2470,199166
2023-04-28 22:14:25,196031,2470,198501
2023-04-28 22:14:26,195883,2470,198353
2023-04-28 22:14:27,195920,2470,198390
2023-04-28 22:14:28,194589,2470,197059
2023-04-28 22:14:29,194589,2470,197059
2023-04-28 22:14:30,194663,2470,197133
2023-04-28 22:14:31,194589,2470,197059
2023-04-28 22:14:32,195661,2470,198131
2023-04-28 22:14:33,196585,2470,199055
2023-04-28 22:14:34,195698,2470,198168
2023-04-28 22:14:35,195883,2470,198353
2023-04-28 22:14:36,194182,2470,196652
2023-04-28 22:14:37,193517,2470,195987
2023-04-28 22:14:38,194108,2470,196578
2023-04-28 22:14:39,194034,2470,196504
2023-04-28 22:14:40,194219,2470,196689
2023-04-28 22:14:41,194441,2470,196911
2023-04-28 22:14:42,195587,2470,198057
2023-04-28 22:14:43,195920,2470,198390
2023-04-28 22:14:44,196363,2470,198833
2023-04-28 22:14:45,196400,2470,198870
2023-04-28 22:14:46,195402,2470,197872
2023-04-28 22:14:47,194478,2470,196948
2023-04-28 22:14:48,194663,2470,197133
2023-04-28 22:14:49,194811,2470,197281
2023-04-28 22:14:50,194478,2470,196948
2023-04-28 22:14:51,194626,2470,197096
2023-04-28 22:14:52,194441,2470,196911
2023-04-28 22:14:53,194219,2470,196689
2023-04-28 22:14:54,193443,2470,195913
2023-04-28 22:14:55,193849,2470,196319
2023-04-28 22:14:56,193812,2470,196282
2023-04-28 22:14:57,193812,2470,196282
2023-04-28 22:14:58,194589,2470,197059
2023-04-28 22:14:59,193369,2470,195839
2023-04-28 22:15:00,193701,2470,196171
2023-04-28 22:15:01,193184,2470,195654
2023-04-28 22:15:02,194071,2470,196541
2023-04-28 22:15:03,193664,2470,196134
2023-04-28 22:15:04,195069,2470,197539
2023-04-28 22:15:05,195180,2470,197650
2023-04-28 22:15:06,194626,2470,197096
2023-04-28 22:15:07,194108,2470,196578
2023-04-28 22:15:08,194885,2470,197355
2023-04-28 22:15:09,193332,2470,195802
2023-04-28 22:15:10,193664,2470,196134
2023-04-28 22:15:11,194293,2470,196763
2023-04-28 22:15:12,193701,2470,196171
2023-04-28 22:15:13,194478,2470,196948
2023-04-28 22:15:14,193775,2470,196245
2023-04-28 22:15:15,193480,2470,195950
2023-04-28 22:15:16,193997,2470,196467
2023-04-28 22:15:17,192962,2470,195432
2023-04-28 22:15:18,193738,2470,196208
2023-04-28 22:15:19,193775,2470,196245
2023-04-28 22:15:20,194256,2470,196726
2023-04-28 22:15:21,194404,2470,196874
2023-04-28 22:15:22,194145,2470,196615
2023-04-28 22:15:23,192851,2470,195321
2023-04-28 22:15:24,191890,2470,194360
2023-04-28 22:15:25,191890,2470,194360
2023-04-28 22:15:26,193073,2470,195543
2023-04-28 22:15:27,194478,2470,196948
2023-04-28 22:15:28,194811,2470,197281
2023-04-28 22:15:29,192740,2470,195210
2023-04-28 22:15:30,192703,2470,195173
2023-04-28 22:15:31,192481,2470,194951
2023-04-28 22:15:32,192112,2470,194582
2023-04-28 22:15:33,192518,2470,194988
2023-04-28 22:15:34,192888,2470,195358
2023-04-28 22:15:35,194108,2470,196578
2023-04-28 22:15:36,194145,2470,196615
2023-04-28 22:15:37,193812,2470,196282
2023-04-28 22:15:38,193258,2470,195728
2023-04-28 22:15:39,193627,2470,196097
2023-04-28 22:15:40,192592,2470,195062
2023-04-28 22:15:41,191594,2470,194064
2023-04-28 22:15:42,191890,2470,194360
2023-04-28 22:15:43,191483,2470,193953
2023-04-28 22:15:44,193258,2470,195728
2023-04-28 22:15:45,193073,2470,195543
2023-04-28 22:15:46,192999,2470,195469
2023-04-28 22:15:47,192075,2470,194545
2023-04-28 22:15:48,191520,2470,193990
2023-04-28 22:15:49,192518,2470,194988
2023-04-28 22:15:50,191964,2470,194434
2023-04-28 22:15:51,192112,2470,194582
2023-04-28 22:15:52,192296,2470,194766
2023-04-28 22:15:53,192592,2470,195062
2023-04-28 22:15:54,190928,2470,193398
2023-04-28 22:15:55,191446,2470,193916
2023-04-28 22:15:56,191520,2470,193990
2023-04-28 22:15:57,192407,2470,194877
2023-04-28 22:15:58,193295,2470,195765
2023-04-28 22:15:59,193036,2470,195506
2023-04-28 22:16:00,194219,2470,196689
2023-04-28 22:16:01,194071,2470,196541
2023-04-28 22:16:02,193812,2470,196282
2023-04-28 22:16:03,192777,2470,195247
2023-04-28 22:16:04,193221,2470,195691
2023-04-28 22:16:05,193110,2470,195580
2023-04-28 22:16:06,192592,2470,195062
2023-04-28 22:16:07,192703,2470,195173
2023-04-28 22:16:08,191372,2470,193842
2023-04-28 22:16:09,191113,2470,193583
2023-04-28 22:16:10,189597,2470,192067
2023-04-28 22:16:11,188969,2470,191439
2023-04-28 22:16:12,189745,2470,192215
2023-04-28 22:16:13,189413,2470,191883
2023-04-28 22:16:14,190744,2470,193214
2023-04-28 22:16:15,190337,2470,192807
2023-04-28 22:16:16,190374,2470,192844
2023-04-28 22:16:17,190374,2470,192844
2023-04-28 22:16:18,190744,2470,193214
2023-04-28 22:16:19,189080,2470,191550
2023-04-28 22:16:20,189339,2470,191809
2023-04-28 22:16:21,188636,2470,191106
2023-04-28 22:16:22,186677,2470,189147
2023-04-28 22:16:23,186972,2470,189442
2023-04-28 22:16:24,186529,2470,188999
2023-04-28 22:16:25,186492,2470,188962
2023-04-28 22:16:26,186750,2470,189220
2023-04-28 22:16:27,184236,2470,186706
2023-04-28 22:16:28,183460,2470,185930
2023-04-28 22:16:29,184754,2470,187224
2023-04-28 22:16:30,185050,2470,187520
2023-04-28 22:16:31,187453,2470,189923
2023-04-28 22:16:32,187490,2470,189960
2023-04-28 22:16:33,187342,2470,189812
2023-04-28 22:16:34,187860,2470,190330
2023-04-28 22:16:35,186233,2470,188703
2023-04-28 22:16:36,182018,2470,184488
2023-04-28 22:16:37,180613,2470,183083
2023-04-28 22:16:38,179393,2470,181863
2023-04-28 22:16:39,181242,2470,183712
2023-04-28 22:16:40,182720,2470,185190
2023-04-28 22:16:41,183941,2470,186411
2023-04-28 22:16:42,182277,2470,184747
2023-04-28 22:16:43,183164,2470,185634
2023-04-28 22:16:44,185235,2470,187705
2023-04-28 22:16:45,183904,2470,186374
2023-04-28 22:16:46,182646,2470,185116
2023-04-28 22:16:47,178986,2470,181456
2023-04-28 22:16:48,177138,2470,179608
2023-04-28 22:16:49,177470,2470,179940
2023-04-28 22:16:50,179467,2470,181937
2023-04-28 22:16:51,178469,2470,180939
2023-04-28 22:16:52,182388,2470,184858
2023-04-28 22:16:53,182573,2470,185043
2023-04-28 22:16:54,178616,2470,181086
2023-04-28 22:16:55,178395,2470,180865
2023-04-28 22:16:56,178025,2470,180495
2023-04-28 22:16:57,177655,2470,180125
2023-04-28 22:16:58,176583,2470,179053
2023-04-28 22:16:59,175104,2470,177574
2023-04-28 22:17:00,174180,2470,176650
2023-04-28 22:17:01,172183,2470,174653
2023-04-28 22:17:02,171924,2470,174394
2023-04-28 22:17:03,171924,2470,174394
2023-04-28 22:17:04,171702,2470,174172
2023-04-28 22:17:05,173366,2470,175836
2023-04-28 22:17:06,172035,2470,174505
2023-04-28 22:17:07,172923,2470,175393
2023-04-28 22:17:08,171924,2470,174394
2023-04-28 22:17:09,169891,2470,172361
2023-04-28 22:17:10,169743,2470,172213
2023-04-28 22:17:11,170039,2470,172509
2023-04-28 22:17:12,167931,2470,170401
2023-04-28 22:17:13,168264,2470,170734
2023-04-28 22:17:14,168745,2470,171215
2023-04-28 22:17:15,167525,2470,169995
2023-04-28 22:17:16,169373,2470,171843
2023-04-28 22:17:17,167229,2470,169699
2023-04-28 22:17:18,168523,2470,170993
2023-04-28 22:17:19,169669,2470,172139
2023-04-28 22:17:20,166194,2470,168664
2023-04-28 22:17:21,165750,2470,168220
2023-04-28 22:17:22,166526,2470,168996
2023-04-28 22:17:23,163642,2470,166112
2023-04-28 22:17:24,165861,2470,168331
2023-04-28 22:17:25,161942,2470,164412
2023-04-28 22:17:26,160056,2470,162526
2023-04-28 22:17:27,160426,2470,162896
2023-04-28 22:17:28,159908,2470,162378
2023-04-28 22:17:29,157727,2470,160197
2023-04-28 22:17:30,155028,2470,157498
2023-04-28 22:17:31,156248,2470,158718
2023-04-28 22:17:32,156396,2470,158866
2023-04-28 22:17:33,157542,2470,160012
2023-04-28 22:17:34,152144,2470,154614
2023-04-28 22:17:35,153623,2470,156093
2023-04-28 22:17:36,152698,2470,155168
2023-04-28 22:17:37,152107,2470,154577
2023-04-28 22:17:38,153882,2470,156352
2023-04-28 22:17:39,153845,2470,156315
2023-04-28 22:17:40,153918,2470,156388
2023-04-28 22:17:41,152440,2470,154910
2023-04-28 22:17:42,150591,2470,153061
2023-04-28 22:17:43,147781,2470,150251
2023-04-28 22:17:44,144934,2470,147404
2023-04-28 22:17:45,143381,2470,145851
2023-04-28 22:17:47,142494,2470,144964
2023-04-28 22:17:47,142272,2470,144742
2023-04-28 22:17:49,143566,2470,146036
2023-04-28 22:17:49,140645,2470,143115
2023-04-28 22:17:50,141422,2470,143892
2023-04-28 22:17:51,139721,2470,142191
2023-04-28 22:17:52,137835,2470,140305
2023-04-28 22:17:53,136541,2470,139011
2023-04-28 22:17:54,134434,2470,136904
2023-04-28 22:17:55,136763,2470,139233
2023-04-28 22:17:56,137466,2470,139936
2023-04-28 22:17:57,137022,2470,139492
2023-04-28 22:17:58,136430,2470,138900
2023-04-28 22:17:59,134249,2470,136719
2023-04-28 22:18:00,130810,2470,133280
2023-04-28 22:18:01,128444,2470,130914
2023-04-28 22:18:02,125338,2470,127808
2023-04-28 22:18:03,124377,2470,126847
2023-04-28 22:18:04,122381,2470,124851
2023-04-28 22:18:05,122085,2470,124555
2023-04-28 22:18:06,122122,2470,124592
2023-04-28 22:18:07,121530,2470,124000
2023-04-28 22:18:08,119571,2470,122041
2023-04-28 22:18:09,118055,2470,120525
2023-04-28 22:18:10,114949,2470,117419
2023-04-28 22:18:11,113507,2470,115977
2023-04-28 22:18:12,111991,2470,114461
2023-04-28 22:18:13,111289,2470,113759
2023-04-28 22:18:14,110290,2470,112760
2023-04-28 22:18:15,110106,2470,112576
2023-04-28 22:18:16,108774,2470,111244
2023-04-28 22:18:17,107554,2470,110024
2023-04-28 22:18:18,106260,2470,108730
2023-04-28 22:18:19,103746,2470,106216
2023-04-28 22:18:20,101010,2470,103480
2023-04-28 22:18:21,99790,2470,102260
2023-04-28 22:18:22,96721,2470,99191
2023-04-28 22:18:23,96130,2470,98600
2023-04-28 22:18:24,94762,2470,97232
2023-04-28 22:18:25,93763,2470,96233
2023-04-28 22:18:26,92617,2470,95087
2023-04-28 22:18:27,92211,2470,94681
2023-04-28 22:18:28,96093,2470,98563
2023-04-28 22:18:29,108701,2470,111171
2023-04-28 22:18:30,128740,2470,131210
2023-04-28 22:18:31,138834,2470,141304
2023-04-28 22:18:32,161498,2470,163968
2023-04-28 22:18:33,179319,2470,181789
2023-04-28 22:18:34,182831,2470,185301
2023-04-28 22:18:35,184643,2470,187113
2023-04-28 22:18:36,183497,2470,185967
2023-04-28 22:18:37,183608,2470,186078
2023-04-28 22:18:38,185087,2470,187557
2023-04-28 22:18:39,185641,2470,188111
2023-04-28 22:18:40,184643,2470,187113
2023-04-28 22:18:41,182277,2470,184747
2023-04-28 22:18:42,180280,2470,182750
2023-04-28 22:18:43,182277,2470,184747
2023-04-28 22:18:44,182462,2470,184932
2023-04-28 22:18:45,185124,2470,187594
2023-04-28 22:18:46,187749,2470,190219
2023-04-28 22:18:47,189708,2470,192178
2023-04-28 22:18:48,189228,2470,191698
2023-04-28 22:18:49,189413,2470,191883
2023-04-28 22:18:50,189486,2470,191956
2023-04-28 22:18:51,189708,2470,192178
2023-04-28 22:18:52,189967,2470,192437
2023-04-28 22:18:53,190004,2470,192474
2023-04-28 22:18:54,190448,2470,192918
2023-04-28 22:18:55,189708,2470,192178
2023-04-28 22:18:56,189117,2470,191587
2023-04-28 22:18:57,189191,2470,191661
2023-04-28 22:18:58,190226,2470,192696
2023-04-28 22:19:00,191816,2470,194286
2023-04-28 22:19:00,193110,2470,195580
2023-04-28 22:19:02,191668,2470,194138
2023-04-28 22:19:03,190818,2470,193288
2023-04-28 22:19:03,192851,2470,195321
2023-04-28 22:19:05,193554,2470,196024
2023-04-28 22:19:05,193073,2470,195543
2023-04-28 22:19:06,193923,2470,196393
2023-04-28 22:19:08,193258,2470,195728
2023-04-28 22:19:08,195143,2470,197613
2023-04-28 22:19:09,195735,2470,198205
2023-04-28 22:19:11,196733,2470,199203
2023-04-28 22:19:11,196253,2470,198723
2023-04-28 22:19:12,195402,2470,197872
2023-04-28 22:19:14,194811,2470,197281
2023-04-28 22:19:14,196511,2470,198981
2023-04-28 22:19:15,196918,2470,199388
2023-04-28 22:19:17,197140,2470,199610
2023-04-28 22:19:18,197473,2470,199943
2023-04-28 22:19:19,196733,2470,199203
2023-04-28 22:19:19,197177,2470,199647
2023-04-28 22:19:20,197916,2470,200386
2023-04-28 22:19:22,198249,2470,200719
2023-04-28 22:19:22,197805,2470,200275
2023-04-28 22:19:24,197990,2470,200460
2023-04-28 22:19:25,197658,2470,200128
2023-04-28 22:19:25,197436,2470,199906
2023-04-28 22:19:26,197916,2470,200386
2023-04-28 22:19:28,197990,2470,200460
2023-04-28 22:19:28,197658,2470,200128
2023-04-28 22:19:30,196400,2470,198870
2023-04-28 22:19:31,196290,2470,198760
2023-04-28 22:19:32,197066,2470,199536
2023-04-28 22:19:33,197103,2470,199573
2023-04-28 22:19:34,196622,2470,199092
2023-04-28 22:19:35,195957,2470,198427
2023-04-28 22:19:36,195365,2470,197835
2023-04-28 22:19:36,194995,2470,197465
2023-04-28 22:19:38,194885,2470,197355
2023-04-28 22:19:39,195143,2470,197613
2023-04-28 22:19:40,195661,2470,198131
2023-04-28 22:19:41,195439,2470,197909
2023-04-28 22:19:42,195994,2470,198464
2023-04-28 22:19:43,197805,2470,200275
2023-04-28 22:19:44,198064,2470,200534
2023-04-28 22:19:45,196881,2470,199351
2023-04-28 22:19:45,197842,2470,200312
2023-04-28 22:19:47,196881,2470,199351
2023-04-28 22:19:48,195106,2470,197576
2023-04-28 22:19:49,195402,2470,197872
2023-04-28 22:19:50,196216,2470,198686
2023-04-28 22:19:51,195106,2470,197576
2023-04-28 22:19:52,195661,2470,198131
2023-04-28 22:19:53,195698,2470,198168
2023-04-28 22:19:54,196068,2470,198538
2023-04-28 22:19:55,196290,2470,198760
2023-04-28 22:19:56,195661,2470,198131
2023-04-28 22:19:57,195106,2470,197576
2023-04-28 22:19:58,195365,2470,197835
2023-04-28 22:19:59,195624,2470,198094
2023-04-28 22:20:00,195402,2470,197872
2023-04-28 22:20:01,196179,2470,198649
2023-04-28 22:20:02,194922,2470,197392
2023-04-28 22:20:03,194552,2470,197022
2023-04-28 22:20:04,195328,2470,197798
2023-04-28 22:20:05,194589,2470,197059
2023-04-28 22:20:06,194367,2470,196837
2023-04-28 22:20:07,194626,2470,197096
2023-04-28 22:20:08,194182,2470,196652
2023-04-28 22:20:09,195402,2470,197872
2023-04-28 22:20:10,196253,2470,198723
2023-04-28 22:20:11,195402,2470,197872
2023-04-28 22:20:12,194367,2470,196837
2023-04-28 22:20:13,193110,2470,195580
2023-04-28 22:20:14,192851,2470,195321
2023-04-28 22:20:15,193332,2470,195802
2023-04-28 22:20:16,193517,2470,195987
2023-04-28 22:20:17,195106,2470,197576
2023-04-28 22:20:18,195550,2470,198020
2023-04-28 22:20:19,194441,2470,196911
2023-04-28 22:20:20,193406,2470,195876
2023-04-28 22:20:21,192777,2470,195247
2023-04-28 22:20:22,192740,2470,195210
2023-04-28 22:20:23,192999,2470,195469
2023-04-28 22:20:24,193443,2470,195913
2023-04-28 22:20:25,193184,2470,195654
2023-04-28 22:20:26,192629,2470,195099
2023-04-28 22:20:27,193332,2470,195802
2023-04-28 22:20:28,193332,2470,195802
2023-04-28 22:20:29,194404,2470,196874
2023-04-28 22:20:30,193664,2470,196134
2023-04-28 22:20:31,195032,2470,197502
2023-04-28 22:20:32,195476,2470,197946
2023-04-28 22:20:33,194737,2470,197207
2023-04-28 22:20:34,194626,2470,197096
2023-04-28 22:20:35,194145,2470,196615
2023-04-28 22:20:36,194367,2470,196837
2023-04-28 22:20:37,195883,2470,198353
2023-04-28 22:20:38,195809,2470,198279
2023-04-28 22:20:39,195957,2470,198427
2023-04-28 22:20:40,196105,2470,198575
2023-04-28 22:20:41,194367,2470,196837
2023-04-28 22:20:42,193627,2470,196097
2023-04-28 22:20:43,193738,2470,196208
2023-04-28 22:20:44,194145,2470,196615
2023-04-28 22:20:45,192518,2470,194988
2023-04-28 22:20:46,193812,2470,196282
2023-04-28 22:20:47,193443,2470,195913
2023-04-28 22:20:48,193664,2470,196134
2023-04-28 22:20:49,193923,2470,196393
2023-04-28 22:20:50,194515,2470,196985
2023-04-28 22:20:51,194108,2470,196578
2023-04-28 22:20:52,194034,2470,196504
2023-04-28 22:20:53,193886,2470,196356
2023-04-28 22:20:54,194589,2470,197059
2023-04-28 22:20:55,193221,2470,195691
2023-04-28 22:20:56,194441,2470,196911
2023-04-28 22:20:57,194663,2470,197133
2023-04-28 22:20:58,194737,2470,197207
2023-04-28 22:20:59,194441,2470,196911
2023-04-28 22:21:00,195365,2470,197835
2023-04-28 22:21:01,194663,2470,197133
2023-04-28 22:21:02,194958,2470,197428
2023-04-28 22:21:03,194774,2470,197244
2023-04-28 22:21:04,194811,2470,197281
2023-04-28 22:21:05,196253,2470,198723
2023-04-28 22:21:06,196216,2470,198686
2023-04-28 22:21:07,195106,2470,197576
2023-04-28 22:21:08,194071,2470,196541
2023-04-28 22:21:09,194219,2470,196689
2023-04-28 22:21:10,193443,2470,195913
2023-04-28 22:21:11,194441,2470,196911
2023-04-28 22:21:12,194848,2470,197318
2023-04-28 22:21:13,194737,2470,197207
2023-04-28 22:21:14,194515,2470,196985
2023-04-28 22:21:15,195217,2470,197687
2023-04-28 22:21:16,195772,2470,198242
2023-04-28 22:21:17,195698,2470,198168
2023-04-28 22:21:18,195032,2470,197502
2023-04-28 22:21:19,193627,2470,196097
2023-04-28 22:21:20,193406,2470,195876
2023-04-28 22:21:21,194330,2470,196800
2023-04-28 22:21:22,194774,2470,197244
2023-04-28 22:21:23,195180,2470,197650
2023-04-28 22:21:24,194995,2470,197465
2023-04-28 22:21:25,195143,2470,197613
2023-04-28 22:21:26,195254,2470,197724
2023-04-28 22:21:27,195587,2470,198057
2023-04-28 22:21:28,195217,2470,197687
2023-04-28 22:21:29,193554,2470,196024
2023-04-28 22:21:30,192962,2470,195432
2023-04-28 22:21:31,191779,2470,194249
2023-04-28 22:21:32,190744,2470,193214
2023-04-28 22:21:33,190226,2470,192696
2023-04-28 22:21:34,190226,2470,192696
2023-04-28 22:21:35,191002,2470,193472
2023-04-28 22:21:36,191409,2470,193879
2023-04-28 22:21:37,193480,2470,195950
2023-04-28 22:21:38,194182,2470,196652
2023-04-28 22:21:39,192001,2470,194471
2023-04-28 22:21:40,190300,2470,192770
2023-04-28 22:21:41,189523,2470,191993
2023-04-28 22:21:42,189450,2470,191920
2023-04-28 22:21:43,187971,2470,190441
2023-04-28 22:21:44,189339,2470,191809
2023-04-28 22:21:45,188673,2470,191143
2023-04-28 22:21:46,189043,2470,191513
2023-04-28 22:21:47,189191,2470,191661
2023-04-28 22:21:48,190115,2470,192585
2023-04-28 22:21:49,189856,2470,192326
2023-04-28 22:21:50,187342,2470,189812
2023-04-28 22:21:51,186307,2470,188777
2023-04-28 22:21:52,186640,2470,189110
2023-04-28 22:21:53,186566,2470,189036
2023-04-28 22:21:54,183201,2470,185671
2023-04-28 22:21:55,181796,2470,184266
2023-04-28 22:21:56,181168,2470,183638
2023-04-28 22:21:57,181944,2470,184414
2023-04-28 22:21:58,182240,2470,184710
2023-04-28 22:21:59,183275,2470,185745
2023-04-28 22:22:00,183719,2470,186189
2023-04-28 22:22:01,184532,2470,187002
2023-04-28 22:22:02,185382,2470,187852
2023-04-28 22:22:03,183460,2470,185930
2023-04-28 22:22:04,182314,2470,184784
2023-04-28 22:22:05,181759,2470,184229
2023-04-28 22:22:06,182240,2470,184710
2023-04-28 22:22:07,182610,2470,185080
2023-04-28 22:22:08,179060,2470,181530
2023-04-28 22:22:09,177359,2470,179829
2023-04-28 22:22:10,177988,2470,180458
2023-04-28 22:22:12,173995,2470,176465
2023-04-28 22:22:12,177027,2470,179497
2023-04-28 22:22:13,178469,2470,180939
2023-04-28 22:22:14,176324,2470,178794
2023-04-28 22:22:15,175548,2470,178018
2023-04-28 22:22:16,176213,2470,178683
2023-04-28 22:22:17,176435,2470,178905
2023-04-28 22:22:18,177248,2470,179718
2023-04-28 22:22:19,177359,2470,179829
2023-04-28 22:22:20,175806,2470,178276
2023-04-28 22:22:21,174180,2470,176650
2023-04-28 22:22:22,171407,2470,173877
2023-04-28 22:22:23,170482,2470,172952
2023-04-28 22:22:24,171481,2470,173951
2023-04-28 22:22:25,171998,2470,174468
2023-04-28 22:22:26,172072,2470,174542
2023-04-28 22:22:27,172183,2470,174653
2023-04-28 22:22:28,171813,2470,174283
2023-04-28 22:22:29,172849,2470,175319
2023-04-28 22:22:30,171148,2470,173618
2023-04-28 22:22:31,168819,2470,171289
2023-04-28 22:22:32,169595,2470,172065
2023-04-28 22:22:33,169558,2470,172028
2023-04-28 22:22:34,170334,2470,172804
2023-04-28 22:22:35,171739,2470,174209
2023-04-28 22:22:36,169595,2470,172065
2023-04-28 22:22:37,168412,2470,170882
2023-04-28 22:22:38,167598,2470,170068
2023-04-28 22:22:39,168893,2470,171363
2023-04-28 22:22:40,168819,2470,171289
2023-04-28 22:22:41,170815,2470,173285
2023-04-28 22:22:42,168301,2470,170771
2023-04-28 22:22:43,165121,2470,167591
2023-04-28 22:22:44,164197,2470,166667
2023-04-28 22:22:45,162903,2470,165373
2023-04-28 22:22:46,158910,2470,161380
2023-04-28 22:22:47,158096,2470,160566
2023-04-28 22:22:48,156396,2470,158866
2023-04-28 22:22:49,158281,2470,160751
2023-04-28 22:22:50,156987,2470,159457
2023-04-28 22:22:51,159058,2470,161528
2023-04-28 22:22:52,158910,2470,161380
2023-04-28 22:22:53,157986,2470,160456
2023-04-28 22:22:54,156913,2470,159383
2023-04-28 22:22:55,156396,2470,158866
2023-04-28 22:22:56,152329,2470,154799
2023-04-28 22:22:57,153179,2470,155649
2023-04-28 22:22:58,151219,2470,153689
2023-04-28 22:22:59,150628,2470,153098
2023-04-28 22:23:00,149556,2470,152026
2023-04-28 22:23:01,149593,2470,152063
2023-04-28 22:23:02,148114,2470,150584
2023-04-28 22:23:03,145230,2470,147700
2023-04-28 22:23:04,145267,2470,147737
2023-04-28 22:23:05,144453,2470,146923
2023-04-28 22:23:06,145895,2470,148365
2023-04-28 22:23:07,145378,2470,147848
2023-04-28 22:23:08,144195,2470,146665
2023-04-28 22:23:09,141828,2470,144298
2023-04-28 22:23:10,141015,2470,143485
2023-04-28 22:23:11,140202,2470,142672
2023-04-28 22:23:12,141902,2470,144372
2023-04-28 22:23:13,140682,2470,143152
2023-04-28 22:23:14,138353,2470,140823
2023-04-28 22:23:15,138427,2470,140897
2023-04-28 22:23:16,132696,2470,135166
2023-04-28 22:23:17,132252,2470,134722
2023-04-28 22:23:18,131883,2470,134353
2023-04-28 22:23:19,129738,2470,132208
2023-04-28 22:23:20,129184,2470,131654
2023-04-28 22:23:21,126854,2470,129324
2023-04-28 22:23:22,126854,2470,129324
2023-04-28 22:23:23,127742,2470,130212
2023-04-28 22:23:24,122196,2470,124666
2023-04-28 22:23:25,122824,2470,125294
2023-04-28 22:23:26,123046,2470,125516
2023-04-28 22:23:27,122085,2470,124555
2023-04-28 22:23:28,120458,2470,122928
2023-04-28 22:23:29,119275,2470,121745
2023-04-28 22:23:30,116761,2470,119231
2023-04-28 22:23:31,114986,2470,117456
2023-04-28 22:23:32,113211,2470,115681
2023-04-28 22:23:33,110438,2470,112908
2023-04-28 22:23:34,108774,2470,111244
2023-04-28 22:23:35,106926,2470,109396
2023-04-28 22:23:36,105299,2470,107769
2023-04-28 22:23:37,104190,2470,106660
2023-04-28 22:23:38,103302,2470,105772
2023-04-28 22:23:39,101380,2470,103850
2023-04-28 22:23:40,100382,2470,102852
2023-04-28 22:23:41,99088,2470,101558
2023-04-28 22:23:42,96462,2470,98932
2023-04-28 22:23:43,94577,2470,97047
2023-04-28 22:23:44,94133,2470,96603
2023-04-28 22:23:45,91434,2470,93904
2023-04-28 22:23:46,90103,2470,92573
2023-04-28 22:23:47,91878,2470,94348
2023-04-28 22:23:48,95538,2470,98008
2023-04-28 22:23:49,108885,2470,111355
2023-04-28 22:23:50,146931,2470,149401
2023-04-28 22:23:51,168042,2470,170512
2023-04-28 22:23:52,177285,2470,179755
2023-04-28 22:23:53,181796,2470,184266
2023-04-28 22:23:54,184828,2470,187298
2023-04-28 22:23:55,185235,2470,187705
2023-04-28 22:23:56,185050,2470,187520
2023-04-28 22:23:57,184828,2470,187298
2023-04-28 22:23:58,185419,2470,187889
2023-04-28 22:23:59,184310,2470,186780
2023-04-28 22:24:00,181205,2470,183675
2023-04-28 22:24:01,178616,2470,181086
2023-04-28 22:24:02,176916,2470,179386
2023-04-28 22:24:03,176990,2470,179460
2023-04-28 22:24:04,184162,2470,186632
2023-04-28 22:24:05,186233,2470,188703
2023-04-28 22:24:06,188562,2470,191032
2023-04-28 22:24:07,189413,2470,191883
2023-04-28 22:24:08,189782,2470,192252
2023-04-28 22:24:09,189117,2470,191587
2023-04-28 22:24:10,189302,2470,191772
2023-04-28 22:24:11,190189,2470,192659
2023-04-28 22:24:12,190965,2470,193435
2023-04-28 22:24:13,191261,2470,193731
2023-04-28 22:24:14,190374,2470,192844
2023-04-28 22:24:15,190337,2470,192807
2023-04-28 22:24:16,189930,2470,192400
2023-04-28 22:24:17,189634,2470,192104
2023-04-28 22:24:18,190670,2470,193140
2023-04-28 22:24:19,191520,2470,193990
2023-04-28 22:24:20,191298,2470,193768
2023-04-28 22:24:21,191927,2470,194397
2023-04-28 22:24:22,192333,2470,194803
2023-04-28 22:24:23,192149,2470,194619
2023-04-28 22:24:24,193443,2470,195913
2023-04-28 22:24:25,191890,2470,194360
2023-04-28 22:24:26,191520,2470,193990
2023-04-28 22:24:27,190818,2470,193288
2023-04-28 22:24:28,191372,2470,193842
2023-04-28 22:24:29,192001,2470,194471
2023-04-28 22:24:30,192703,2470,195173
2023-04-28 22:24:31,193443,2470,195913
2023-04-28 22:24:32,192555,2470,195025
2023-04-28 22:24:33,193627,2470,196097
2023-04-28 22:24:34,194922,2470,197392
2023-04-28 22:24:35,196290,2470,198760
2023-04-28 22:24:36,196253,2470,198723
2023-04-28 22:24:37,196437,2470,198907
2023-04-28 22:24:38,196511,2470,198981
2023-04-28 22:24:39,197029,2470,199499
2023-04-28 22:24:40,196733,2470,199203
2023-04-28 22:24:41,197547,2470,200017
2023-04-28 22:24:42,195920,2470,198390
2023-04-28 22:24:43,196290,2470,198760
2023-04-28 22:24:44,195513,2470,197983
2023-04-28 22:24:45,196326,2470,198796
2023-04-28 22:24:46,197288,2470,199758
2023-04-28 22:24:47,197214,2470,199684
2023-04-28 22:24:48,197584,2470,200054
2023-04-28 22:24:49,197990,2470,200460
2023-04-28 22:24:50,197436,2470,199906
2023-04-28 22:24:51,197842,2470,200312
2023-04-28 22:24:52,197584,2470,200054
2023-04-28 22:24:53,194811,2470,197281
2023-04-28 22:24:54,195217,2470,197687
2023-04-28 22:24:55,195513,2470,197983
2023-04-28 22:24:56,195920,2470,198390
2023-04-28 22:24:57,196622,2470,199092
2023-04-28 22:24:58,196179,2470,198649
2023-04-28 22:24:59,196216,2470,198686
2023-04-28 22:25:00,196992,2470,199462
2023-04-28 22:25:01,197140,2470,199610
2023-04-28 22:25:02,195439,2470,197909
2023-04-28 22:25:03,196770,2470,199240
2023-04-28 22:25:04,197325,2470,199795
2023-04-28 22:25:05,197658,2470,200128
2023-04-28 22:25:06,197214,2470,199684
2023-04-28 22:25:07,198582,2470,201052
2023-04-28 22:25:08,197177,2470,199647
2023-04-28 22:25:09,196733,2470,199203
2023-04-28 22:25:10,197029,2470,199499
2023-04-28 22:25:11,196659,2470,199129
2023-04-28 22:25:12,196179,2470,198649
2023-04-28 22:25:13,195920,2470,198390
2023-04-28 22:25:14,196659,2470,199129
2023-04-28 22:25:15,196696,2470,199166
2023-04-28 22:25:16,197288,2470,199758
2023-04-28 22:25:17,195624,2470,198094
2023-04-28 22:25:18,195772,2470,198242
2023-04-28 22:25:19,195661,2470,198131
2023-04-28 22:25:20,194922,2470,197392
2023-04-28 22:25:21,193664,2470,196134
2023-04-28 22:25:22,194774,2470,197244
2023-04-28 22:25:23,194811,2470,197281
2023-04-28 22:25:24,195513,2470,197983
2023-04-28 22:25:25,194885,2470,197355
2023-04-28 22:25:26,195883,2470,198353
2023-04-28 22:25:27,196437,2470,198907
2023-04-28 22:25:28,196142,2470,198612
2023-04-28 22:25:29,196585,2470,199055
2023-04-28 22:25:30,196068,2470,198538
2023-04-28 22:25:31,195809,2470,198279
2023-04-28 22:25:32,195254,2470,197724
2023-04-28 22:25:33,195180,2470,197650
2023-04-28 22:25:34,195032,2470,197502
2023-04-28 22:25:35,195143,2470,197613
2023-04-28 22:25:36,194626,2470,197096
2023-04-28 22:25:37,194108,2470,196578
2023-04-28 22:25:38,194811,2470,197281
2023-04-28 22:25:39,193960,2470,196430
2023-04-28 22:25:40,194219,2470,196689
2023-04-28 22:25:41,192186,2470,194656
2023-04-28 22:25:42,192851,2470,195321
2023-04-28 22:25:43,194219,2470,196689
2023-04-28 22:25:44,194441,2470,196911
2023-04-28 22:25:45,194958,2470,197428
2023-04-28 22:25:46,194071,2470,196541
2023-04-28 22:25:47,194404,2470,196874
2023-04-28 22:25:48,193775,2470,196245
2023-04-28 22:25:49,192962,2470,195432
2023-04-28 22:25:50,193590,2470,196060
2023-04-28 22:25:51,192814,2470,195284
2023-04-28 22:25:52,193812,2470,196282
2023-04-28 22:25:53,193886,2470,196356
2023-04-28 22:25:54,193332,2470,195802
2023-04-28 22:25:55,193701,2470,196171
2023-04-28 22:25:56,193221,2470,195691
2023-04-28 22:25:57,193147,2470,195617
2023-04-28 22:25:58,193443,2470,195913
2023-04-28 22:25:59,194034,2470,196504
2023-04-28 22:26:00,195032,2470,197502
2023-04-28 22:26:01,194885,2470,197355
2023-04-28 22:26:02,194811,2470,197281
2023-04-28 22:26:03,194478,2470,196948
2023-04-28 22:26:04,193775,2470,196245
2023-04-28 22:26:05,193960,2470,196430
2023-04-28 22:26:06,193554,2470,196024
2023-04-28 22:26:07,194256,2470,196726
2023-04-28 22:26:08,195735,2470,198205
2023-04-28 22:26:09,194626,2470,197096
2023-04-28 22:26:10,195180,2470,197650
2023-04-28 22:26:11,195513,2470,197983
2023-04-28 22:26:12,194219,2470,196689
2023-04-28 22:26:13,193332,2470,195802
2023-04-28 22:26:14,192666,2470,195136
2023-04-28 22:26:15,191705,2470,194175
2023-04-28 22:26:16,191335,2470,193805
2023-04-28 22:26:17,193406,2470,195876
2023-04-28 22:26:18,193443,2470,195913
2023-04-28 22:26:19,194774,2470,197244
2023-04-28 22:26:20,194995,2470,197465
2023-04-28 22:26:21,195180,2470,197650
2023-04-28 22:26:22,194885,2470,197355
2023-04-28 22:26:23,193554,2470,196024
2023-04-28 22:26:24,193295,2470,195765
2023-04-28 22:26:25,193036,2470,195506
2023-04-28 22:26:26,193960,2470,196430
2023-04-28 22:26:27,194478,2470,196948
2023-04-28 22:26:28,194958,2470,197428
2023-04-28 22:26:29,195476,2470,197946
2023-04-28 22:26:30,195513,2470,197983
2023-04-28 22:26:31,196068,2470,198538
2023-04-28 22:26:32,196105,2470,198575
2023-04-28 22:26:33,195883,2470,198353
2023-04-28 22:26:34,195180,2470,197650
2023-04-28 22:26:35,193258,2470,195728
2023-04-28 22:26:36,192814,2470,195284
2023-04-28 22:26:37,192851,2470,195321
2023-04-28 22:26:38,191372,2470,193842
2023-04-28 22:26:39,192186,2470,194656
2023-04-28 22:26:40,191261,2470,193731
2023-04-28 22:26:41,191446,2470,193916
2023-04-28 22:26:42,191594,2470,194064
2023-04-28 22:26:43,192666,2470,195136
2023-04-28 22:26:44,193221,2470,195691
2023-04-28 22:26:45,191742,2470,194212
2023-04-28 22:26:46,191261,2470,193731
2023-04-28 22:26:47,188784,2470,191254
2023-04-28 22:26:48,189634,2470,192104
2023-04-28 22:26:49,189376,2470,191846
2023-04-28 22:26:50,188266,2470,190736
2023-04-28 22:26:51,189043,2470,191513
2023-04-28 22:26:52,189376,2470,191846
2023-04-28 22:26:53,188710,2470,191180
2023-04-28 22:26:54,188451,2470,190921
2023-04-28 22:26:55,188784,2470,191254
2023-04-28 22:26:56,190522,2470,192992
2023-04-28 22:26:57,192444,2470,194914
2023-04-28 22:26:58,192555,2470,195025
2023-04-28 22:26:59,192592,2470,195062
2023-04-28 22:27:00,190854,2470,193324
2023-04-28 22:27:01,188710,2470,191180
2023-04-28 22:27:02,188008,2470,190478
2023-04-28 22:27:03,187342,2470,189812
2023-04-28 22:27:04,187786,2470,190256
2023-04-28 22:27:05,187157,2470,189627
2023-04-28 22:27:06,189117,2470,191587
2023-04-28 22:27:07,186677,2470,189147
2023-04-28 22:27:08,186824,2470,189294
2023-04-28 22:27:09,185900,2470,188370
2023-04-28 22:27:10,184199,2470,186669
2023-04-28 22:27:11,184162,2470,186632
2023-04-28 22:27:12,184606,2470,187076
2023-04-28 22:27:13,186048,2470,188518
2023-04-28 22:27:14,185974,2470,188444
2023-04-28 22:27:15,186307,2470,188777
2023-04-28 22:27:16,186787,2470,189257
2023-04-28 22:27:17,185863,2470,188333
2023-04-28 22:27:18,185641,2470,188111
2023-04-28 22:27:19,182646,2470,185116
2023-04-28 22:27:20,182240,2470,184710
2023-04-28 22:27:21,181611,2470,184081
2023-04-28 22:27:22,182092,2470,184562
2023-04-28 22:27:23,181168,2470,183638
2023-04-28 22:27:24,181722,2470,184192
2023-04-28 22:27:25,178949,2470,181419
2023-04-28 22:27:26,179356,2470,181826
2023-04-28 22:27:27,178986,2470,181456
2023-04-28 22:27:28,179245,2470,181715
2023-04-28 22:27:29,178395,2470,180865
2023-04-28 22:27:30,177618,2470,180088
2023-04-28 22:27:31,176731,2470,179201
2023-04-28 22:27:32,177988,2470,180458
2023-04-28 22:27:33,179208,2470,181678
2023-04-28 22:27:34,181278,2470,183748
2023-04-28 22:27:35,179097,2470,181567
2023-04-28 22:27:36,177470,2470,179940
2023-04-28 22:27:37,178025,2470,180495
2023-04-28 22:27:38,176657,2470,179127
2023-04-28 22:27:39,174512,2470,176982
2023-04-28 22:27:41,174586,2470,177056
2023-04-28 22:27:41,171998,2470,174468
2023-04-28 22:27:42,172886,2470,175356
2023-04-28 22:27:43,174106,2470,176576
2023-04-28 22:27:44,173847,2470,176317
2023-04-28 22:27:45,170334,2470,172804
2023-04-28 22:27:46,170371,2470,172841
2023-04-28 22:27:47,168819,2470,171289
2023-04-28 22:27:48,164789,2470,167259
2023-04-28 22:27:49,169373,2470,171843
2023-04-28 22:27:50,168301,2470,170771
2023-04-28 22:27:51,171222,2470,173692
2023-04-28 22:27:52,168190,2470,170660
2023-04-28 22:27:53,165084,2470,167554
2023-04-28 22:27:54,163051,2470,165521
2023-04-28 22:27:55,163901,2470,166371
2023-04-28 22:27:56,164715,2470,167185
2023-04-28 22:27:57,163014,2470,165484
2023-04-28 22:27:58,165010,2470,167480
2023-04-28 22:27:59,165491,2470,167961
2023-04-28 22:28:00,166674,2470,169144
2023-04-28 22:28:02,164641,2470,167111
2023-04-28 22:28:02,163605,2470,166075
2023-04-28 22:28:03,162459,2470,164929
2023-04-28 22:28:04,163753,2470,166223
2023-04-28 22:28:05,163827,2470,166297
2023-04-28 22:28:06,161535,2470,164005
2023-04-28 22:28:07,159575,2470,162045
2023-04-28 22:28:08,157283,2470,159753
2023-04-28 22:28:09,157653,2470,160123
2023-04-28 22:28:10,156544,2470,159014
2023-04-28 22:28:11,154806,2470,157276
2023-04-28 22:28:12,156839,2470,159309
2023-04-28 22:28:13,151700,2470,154170
2023-04-28 22:28:14,152550,2470,155020
2023-04-28 22:28:15,150924,2470,153394
2023-04-28 22:28:16,152181,2470,154651
2023-04-28 22:28:17,153290,2470,155760
2023-04-28 22:28:18,151589,2470,154059
2023-04-28 22:28:19,151441,2470,153911
2023-04-28 22:28:20,149814,2470,152284
2023-04-28 22:28:21,148816,2470,151286
2023-04-28 22:28:22,147855,2470,150325
2023-04-28 22:28:23,148114,2470,150584
2023-04-28 22:28:24,146598,2470,149068
2023-04-28 22:28:25,145747,2470,148217
2023-04-28 22:28:26,144860,2470,147330
2023-04-28 22:28:27,143751,2470,146221
2023-04-28 22:28:28,142753,2470,145223
2023-04-28 22:28:29,140867,2470,143337
2023-04-28 22:28:31,136874,2470,139344
2023-04-28 22:28:31,135580,2470,138050
2023-04-28 22:28:32,136319,2470,138789
2023-04-28 22:28:33,133768,2470,136238
2023-04-28 22:28:34,132622,2470,135092
2023-04-28 22:28:35,130847,2470,133317
2023-04-28 22:28:36,131957,2470,134427
2023-04-28 22:28:37,131698,2470,134168
2023-04-28 22:28:38,132141,2470,134611
2023-04-28 22:28:39,129997,2470,132467
2023-04-28 22:28:40,127150,2470,129620
2023-04-28 22:28:41,127224,2470,129694
2023-04-28 22:28:42,125634,2470,128104
2023-04-28 22:28:44,121826,2470,124296
2023-04-28 22:28:44,121123,2470,123593
2023-04-28 22:28:45,118461,2470,120931
2023-04-28 22:28:47,117833,2470,120303
2023-04-28 22:28:47,118092,2470,120562
2023-04-28 22:28:48,117352,2470,119822
2023-04-28 22:28:49,116465,2470,118935
2023-04-28 22:28:51,114099,2470,116569
2023-04-28 22:28:52,112176,2470,114646
2023-04-28 22:28:53,111141,2470,113611
2023-04-28 22:28:53,108996,2470,111466
2023-04-28 22:28:54,107665,2470,110135
2023-04-28 22:28:56,106223,2470,108693
2023-04-28 22:28:56,105114,2470,107584
2023-04-28 22:28:57,104412,2470,106882
2023-04-28 22:28:58,101787,2470,104257
2023-04-28 22:28:59,99309,2470,101779
2023-04-28 22:29:00,96536,2470,99006
2023-04-28 22:29:02,95390,2470,97860
2023-04-28 22:29:03,93690,2470,96160
2023-04-28 22:29:04,91841,2470,94311
2023-04-28 22:29:05,90177,2470,92647
2023-04-28 22:29:06,88661,2470,91131
2023-04-28 22:29:07,87959,2470,90429
2023-04-28 22:29:08,85962,2470,88432
2023-04-28 22:29:09,83892,2470,86362
2023-04-28 22:29:10,80120,2470,82590
2023-04-28 22:29:11,78198,2470,80668
2023-04-28 22:29:11,73835,2470,76305
2023-04-28 22:29:12,70138,2470,72608
2023-04-28 22:29:14,67476,2470,69946
2023-04-28 22:29:15,66477,2470,68947
2023-04-28 22:29:16,66293,2470,68763
2023-04-28 22:29:17,65553,2470,68023
2023-04-28 22:29:18,65368,2470,67838
2023-04-28 22:29:19,64518,2470,66988
2023-04-28 22:29:19,64481,2470,66951
2023-04-28 22:29:21,64481,2470,66951
2023-04-28 22:29:22,64407,2470,66877
2023-04-28 22:29:23,64148,2470,66618
2023-04-28 22:29:24,64000,2470,66470
2023-04-28 22:29:25,63704,2470,66174
2023-04-28 22:29:26,63446,2470,65916
2023-04-28 22:29:27,63187,2470,65657
2023-04-28 22:29:28,63150,2470,65620
2023-04-28 22:29:29,62965,2470,65435
2023-04-28 22:29:30,62965,2470,65435
2023-04-28 22:29:31,62817,2470,65287
2023-04-28 22:29:32,62632,2470,65102
2023-04-28 22:29:33,62632,2470,65102
2023-04-28 22:29:34,62632,2470,65102
2023-04-28 22:29:35,62189,2470,64659
2023-04-28 22:29:36,62041,2470,64511
2023-04-28 22:29:37,62078,2470,64548
2023-04-28 22:29:38,61930,2470,64400
2023-04-28 22:29:39,61856,2470,64326
2023-04-28 22:29:40,61782,2470,64252
2023-04-28 22:29:41,61745,2470,64215
2023-04-28 22:29:42,61708,2470,64178
2023-04-28 22:29:43,61560,2470,64030
2023-04-28 22:29:44,61412,2470,63882
2023-04-28 22:29:45,61338,2470,63808
2023-04-28 22:29:46,61301,2470,63771
2023-04-28 22:29:47,61227,2470,63697
2023-04-28 22:29:48,61264,2470,63734
2023-04-28 22:29:49,61153,2470,63623
2023-04-28 22:29:50,61116,2470,63586
2023-04-28 22:29:51,60784,2470,63254
2023-04-28 22:29:52,60673,2470,63143
2023-04-28 22:29:53,60562,2470,63032
2023-04-28 22:29:54,60599,2470,63069
2023-04-28 22:29:55,60525,2470,62995
2023-04-28 22:29:56,60451,2470,62921
2023-04-28 22:29:57,60266,2470,62736
2023-04-28 22:29:58,60303,2470,62773
2023-04-28 22:29:59,60229,2470,62699
2023-04-28 22:30:00,60118,2470,62588
2023-04-28 22:30:01,60155,2470,62625
2023-04-28 22:30:02,60118,2470,62588
2023-04-28 22:30:03,60081,2470,62551
2023-04-28 22:30:04,60007,2470,62477
2023-04-28 22:30:05,59970,2470,62440
2023-04-28 22:30:06,59785,2470,62255
2023-04-28 22:30:07,59674,2470,62144
2023-04-28 22:30:08,59748,2470,62218
2023-04-28 22:30:09,59674,2470,62144
2023-04-28 22:30:10,59674,2470,62144
2023-04-28 22:30:11,59600,2470,62070
2023-04-28 22:30:12,59563,2470,62033
2023-04-28 22:30:13,59526,2470,61996
2023-04-28 22:30:14,59526,2470,61996
2023-04-28 22:30:15,59526,2470,61996
2023-04-28 22:30:16,59526,2470,61996
2023-04-28 22:30:17,59490,2470,61960
2023-04-28 22:30:18,59490,2470,61960
2023-04-28 22:30:19,59490,2470,61960
2023-04-28 22:30:20,59490,2470,61960
2023-04-28 22:30:21,59563,2470,62033
2023-04-28 22:30:22,59453,2470,61923
2023-04-28 22:30:23,59453,2470,61923
2023-04-28 22:30:24,59342,2470,61812
2023-04-28 22:30:25,59194,2470,61664
2023-04-28 22:30:26,59194,2470,61664
2023-04-28 22:30:27,59157,2470,61627
2023-04-28 22:30:28,59120,2470,61590
2023-04-28 22:30:29,59120,2470,61590
2023-04-28 22:30:30,59120,2470,61590
2023-04-28 22:30:31,59083,2470,61553
2023-04-28 22:30:32,59120,2470,61590
2023-04-28 22:30:33,59083,2470,61553
2023-04-28 22:30:34,59009,2470,61479
2023-04-28 22:30:35,58972,2470,61442
2023-04-28 22:30:36,58935,2470,61405
2023-04-28 22:30:37,58935,2470,61405
2023-04-28 22:30:38,58935,2470,61405
2023-04-28 22:30:39,58972,2470,61442
2023-04-28 22:30:40,58972,2470,61442
2023-04-28 22:30:41,58750,2470,61220
2023-04-28 22:30:42,58787,2470,61257
2023-04-28 22:30:43,58750,2470,61220
2023-04-28 22:30:44,58750,2470,61220
2023-04-28 22:30:45,58676,2470,61146
2023-04-28 22:30:46,58676,2470,61146
2023-04-28 22:30:47,58639,2470,61109
2023-04-28 22:30:48,58602,2470,61072
2023-04-28 22:30:49,58602,2470,61072
2023-04-28 22:30:50,58528,2470,60998
2023-04-28 22:30:51,58454,2470,60924
2023-04-28 22:30:52,58454,2470,60924
2023-04-28 22:30:53,58380,2470,60850
2023-04-28 22:30:54,58380,2470,60850
2023-04-28 22:30:55,58417,2470,60887
2023-04-28 22:30:56,58380,2470,60850
2023-04-28 22:30:57,58380,2470,60850
2023-04-28 22:30:58,58380,2470,60850
2023-04-28 22:30:59,58417,2470,60887
2023-04-28 22:31:00,58565,2470,61035
2023-04-28 22:31:01,58565,2470,61035
2023-04-28 22:31:02,58565,2470,61035
2023-04-28 22:31:03,58639,2470,61109
2023-04-28 22:31:04,58565,2470,61035
2023-04-28 22:31:05,58454,2470,60924
2023-04-28 22:31:06,58491,2470,60961
2023-04-28 22:31:07,58343,2470,60813
2023-04-28 22:31:08,58306,2470,60776
2023-04-28 22:31:09,58417,2470,60887
2023-04-28 22:31:10,58417,2470,60887
2023-04-28 22:31:11,58343,2470,60813
2023-04-28 22:31:12,58417,2470,60887
2023-04-28 22:31:13,58380,2470,60850
2023-04-28 22:31:14,58343,2470,60813
2023-04-28 22:31:15,58343,2470,60813
2023-04-28 22:31:16,58269,2470,60739
2023-04-28 22:31:17,58269,2470,60739
2023-04-28 22:31:18,58269,2470,60739
2023-04-28 22:31:19,58343,2470,60813
2023-04-28 22:31:20,58343,2470,60813
2023-04-28 22:31:21,58343,2470,60813
2023-04-28 22:31:22,58380,2470,60850
2023-04-28 22:31:23,58306,2470,60776
2023-04-28 22:31:24,58306,2470,60776
2023-04-28 22:31:25,58269,2470,60739
2023-04-28 22:31:26,58306,2470,60776
2023-04-28 22:31:27,58269,2470,60739
2023-04-28 22:31:28,58195,2470,60665
2023-04-28 22:31:29,58122,2470,60592
2023-04-28 22:31:30,58085,2470,60555
2023-04-28 22:31:31,58048,2470,60518
2023-04-28 22:31:32,58085,2470,60555
2023-04-28 22:31:33,58085,2470,60555
2023-04-28 22:31:34,58122,2470,60592
2023-04-28 22:31:35,58085,2470,60555
2023-04-28 22:31:36,58048,2470,60518
2023-04-28 22:31:37,58048,2470,60518
2023-04-28 22:31:38,58048,2470,60518
2023-04-28 22:31:39,58048,2470,60518
2023-04-28 22:31:40,58048,2470,60518
2023-04-28 22:31:41,58011,2470,60481
2023-04-28 22:31:42,57974,2470,60444
2023-04-28 22:31:43,57974,2470,60444
2023-04-28 22:31:44,58011,2470,60481
2023-04-28 22:31:45,58011,2470,60481
2023-04-28 22:31:46,58048,2470,60518
2023-04-28 22:31:47,58048,2470,60518
2023-04-28 22:31:48,58048,2470,60518
2023-04-28 22:31:49,58048,2470,60518
2023-04-28 22:31:50,58011,2470,60481
2023-04-28 22:31:51,58011,2470,60481
2023-04-28 22:31:52,58011,2470,60481
2023-04-28 22:31:53,57974,2470,60444
2023-04-28 22:31:54,57937,2470,60407
2023-04-28 22:31:55,57937,2470,60407
2023-04-28 22:31:56,57937,2470,60407
2023-04-28 22:31:57,58011,2470,60481
2023-04-28 22:31:58,58011,2470,60481
2023-04-28 22:31:59,58011,2470,60481
2023-04-28 22:32:00,58011,2470,60481
2023-04-28 22:32:01,58011,2470,60481
2023-04-28 22:32:02,57937,2470,60407
2023-04-28 22:32:03,57974,2470,60444
2023-04-28 22:32:04,58011,2470,60481
2023-04-28 22:32:05,58048,2470,60518
2023-04-28 22:32:06,58011,2470,60481
2023-04-28 22:32:07,57974,2470,60444
2023-04-28 22:32:08,57900,2470,60370
2023-04-28 22:32:09,57863,2470,60333
2023-04-28 22:32:10,57789,2470,60259
2023-04-28 22:32:11,57826,2470,60296
2023-04-28 22:32:12,57863,2470,60333
2023-04-28 22:32:13,57863,2470,60333
2023-04-28 22:32:14,57863,2470,60333
2023-04-28 22:32:15,57863,2470,60333
2023-04-28 22:32:16,57789,2470,60259
2023-04-28 22:32:17,57752,2470,60222
2023-04-28 22:32:18,57752,2470,60222
2023-04-28 22:32:19,57863,2470,60333
2023-04-28 22:32:20,57863,2470,60333
2023-04-28 22:32:21,57900,2470,60370
2023-04-28 22:32:22,57900,2470,60370
2023-04-28 22:32:23,57900,2470,60370
2023-04-28 22:32:24,57826,2470,60296
2023-04-28 22:32:25,57863,2470,60333
2023-04-28 22:32:26,57789,2470,60259
2023-04-28 22:32:27,57715,2470,60185
2023-04-28 22:32:28,57678,2470,60148
2023-04-28 22:32:29,57678,2470,60148
2023-04-28 22:32:30,57641,2470,60111
2023-04-28 22:32:31,57641,2470,60111
2023-04-28 22:32:32,57641,2470,60111
2023-04-28 22:32:33,57678,2470,60148
2023-04-28 22:32:34,57715,2470,60185
2023-04-28 22:32:35,57789,2470,60259
2023-04-28 22:32:36,57752,2470,60222
2023-04-28 22:32:37,57752,2470,60222
2023-04-28 22:32:38,57715,2470,60185
2023-04-28 22:32:39,57752,2470,60222
2023-04-28 22:32:40,57752,2470,60222
2023-04-28 22:32:41,57752,2470,60222
2023-04-28 22:32:42,57715,2470,60185
2023-04-28 22:32:43,57752,2470,60222
2023-04-28 22:32:44,57752,2470,60222
2023-04-28 22:32:45,57826,2470,60296
2023-04-28 22:32:46,57826,2470,60296
2023-04-28 22:32:47,57826,2470,60296
2023-04-28 22:32:48,57715,2470,60185
2023-04-28 22:32:49,57715,2470,60185
2023-04-28 22:32:50,57641,2470,60111
2023-04-28 22:32:51,57641,2470,60111
2023-04-28 22:32:52,57678,2470,60148
2023-04-28 22:32:53,57678,2470,60148
2023-04-28 22:32:54,57715,2470,60185
2023-04-28 22:32:55,57715,2470,60185
2023-04-28 22:32:56,57715,2470,60185
2023-04-28 22:32:57,57715,2470,60185
2023-04-28 22:32:58,57715,2470,60185
2023-04-28 22:32:59,57715,2470,60185
2023-04-28 22:33:00,57752,2470,60222
2023-04-28 22:33:01,57789,2470,60259
2023-04-28 22:33:02,57789,2470,60259
2023-04-28 22:33:03,57826,2470,60296
2023-04-28 22:33:04,57752,2470,60222
2023-04-28 22:33:05,57715,2470,60185
2023-04-28 22:33:06,57715,2470,60185
2023-04-28 22:33:07,57678,2470,60148
2023-04-28 22:33:08,57641,2470,60111
2023-04-28 22:33:09,57604,2470,60074
2023-04-28 22:33:10,57641,2470,60111
2023-04-28 22:33:11,57641,2470,60111
2023-04-28 22:33:12,57641,2470,60111
2023-04-28 22:33:13,57678,2470,60148
2023-04-28 22:33:14,57641,2470,60111
2023-04-28 22:33:15,57641,2470,60111
2023-04-28 22:33:16,57678,2470,60148
2023-04-28 22:33:17,57641,2470,60111
2023-04-28 22:33:18,57641,2470,60111
2023-04-28 22:33:19,57604,2470,60074
2023-04-28 22:33:20,57678,2470,60148
2023-04-28 22:33:21,57752,2470,60222
2023-04-28 22:33:22,57789,2470,60259
2023-04-28 22:33:23,57789,2470,60259
2023-04-28 22:33:24,57752,2470,60222
2023-04-28 22:33:25,57604,2470,60074
2023-04-28 22:33:26,57604,2470,60074
2023-04-28 22:33:27,57567,2470,60037
2023-04-28 22:33:28,57604,2470,60074
2023-04-28 22:33:29,57641,2470,60111
2023-04-28 22:33:30,57641,2470,60111
2023-04-28 22:33:31,57678,2470,60148
2023-04-28 22:33:32,57641,2470,60111
2023-04-28 22:33:33,57641,2470,60111
2023-04-28 22:33:34,57604,2470,60074
2023-04-28 22:33:35,57604,2470,60074
2023-04-28 22:33:36,57493,2470,59963
2023-04-28 22:33:37,57493,2470,59963
2023-04-28 22:33:38,57493,2470,59963
2023-04-28 22:33:39,57493,2470,59963
2023-04-28 22:33:40,57456,2470,59926
2023-04-28 22:33:41,57493,2470,59963
2023-04-28 22:33:42,57493,2470,59963
2023-04-28 22:33:43,57419,2470,59889
2023-04-28 22:33:44,57456,2470,59926
2023-04-28 22:33:45,57493,2470,59963
2023-04-28 22:33:46,57567,2470,60037
2023-04-28 22:33:47,57604,2470,60074
2023-04-28 22:33:48,57604,2470,60074
2023-04-28 22:33:49,57604,2470,60074
2023-04-28 22:33:50,57493,2470,59963
2023-04-28 22:33:51,57456,2470,59926
2023-04-28 22:33:52,57419,2470,59889
2023-04-28 22:33:53,57419,2470,59889
2023-04-28 22:33:54,57382,2470,59852
2023-04-28 22:33:55,57419,2470,59889
2023-04-28 22:33:56,57419,2470,59889
2023-04-28 22:33:57,57419,2470,59889
2023-04-28 22:33:58,57419,2470,59889
2023-04-28 22:33:59,57493,2470,59963
2023-04-28 22:34:00,57530,2470,60000
2023-04-28 22:34:01,57604,2470,60074
2023-04-28 22:34:02,57567,2470,60037
2023-04-28 22:34:03,57530,2470,60000
2023-04-28 22:34:04,57493,2470,59963
2023-04-28 22:34:05,57456,2470,59926
2023-04-28 22:34:06,57456,2470,59926
2023-04-28 22:34:07,57456,2470,59926
2023-04-28 22:34:08,57493,2470,59963
2023-04-28 22:34:09,57493,2470,59963
2023-04-28 22:34:10,57493,2470,59963
2023-04-28 22:34:11,57456,2470,59926
2023-04-28 22:34:12,57456,2470,59926
2023-04-28 22:34:13,57382,2470,59852
2023-04-28 22:34:14,57345,2470,59815
2023-04-28 22:34:15,57308,2470,59778
2023-04-28 22:34:16,57308,2470,59778
2023-04-28 22:34:17,57345,2470,59815
2023-04-28 22:34:18,57345,2470,59815
2023-04-28 22:34:19,57308,2470,59778
2023-04-28 22:34:20,57382,2470,59852
2023-04-28 22:34:21,57493,2470,59963
2023-04-28 22:34:22,57530,2470,60000
2023-04-28 22:34:23,57493,2470,59963
2023-04-28 22:34:24,57456,2470,59926
2023-04-28 22:34:25,57382,2470,59852
2023-04-28 22:34:26,57308,2470,59778
2023-04-28 22:34:27,57308,2470,59778
2023-04-28 22:34:28,57308,2470,59778
2023-04-28 22:34:29,57345,2470,59815
2023-04-28 22:34:30,57345,2470,59815
2023-04-28 22:34:31,57345,2470,59815
2023-04-28 22:34:32,57345,2470,59815
2023-04-28 22:34:33,57345,2470,59815
2023-04-28 22:34:34,57382,2470,59852
2023-04-28 22:34:35,57382,2470,59852
2023-04-28 22:34:36,57345,2470,59815
2023-04-28 22:34:37,57345,2470,59815
2023-04-28 22:34:38,57345,2470,59815
2023-04-28 22:34:39,57308,2470,59778
2023-04-28 22:34:40,57308,2470,59778
2023-04-28 22:34:41,57308,2470,59778
2023-04-28 22:34:42,57308,2470,59778
2023-04-28 22:34:43,57271,2470,59741
2023-04-28 22:34:44,57271,2470,59741
2023-04-28 22:34:45,57271,2470,59741
2023-04-28 22:34:46,57271,2470,59741
2023-04-28 22:34:47,57271,2470,59741
2023-04-28 22:34:48,57271,2470,59741
2023-04-28 22:34:49,57308,2470,59778
2023-04-28 22:34:50,57308,2470,59778
2023-04-28 22:34:51,57308,2470,59778
2023-04-28 22:34:52,57271,2470,59741
2023-04-28 22:34:53,57271,2470,59741
2023-04-28 22:34:54,57271,2470,59741
2023-04-28 22:34:55,57234,2470,59704
2023-04-28 22:34:56,57271,2470,59741
2023-04-28 22:34:57,57271,2470,59741
2023-04-28 22:34:58,57234,2470,59704
2023-04-28 22:34:59,57308,2470,59778
2023-04-28 22:35:00,57308,2470,59778
2023-04-28 22:35:01,57382,2470,59852
2023-04-28 22:35:02,57419,2470,59889
2023-04-28 22:35:03,57382,2470,59852
2023-04-28 22:35:04,57382,2470,59852
2023-04-28 22:35:05,57382,2470,59852
2023-04-28 22:35:06,57382,2470,59852
2023-04-28 22:35:07,57345,2470,59815
2023-04-28 22:35:08,57271,2470,59741
2023-04-28 22:35:09,57234,2470,59704
2023-04-28 22:35:10,57234,2470,59704
2023-04-28 22:35:11,57271,2470,59741
2023-04-28 22:35:12,57234,2470,59704
2023-04-28 22:35:13,57197,2470,59667
2023-04-28 22:35:14,57160,2470,59630
2023-04-28 22:35:15,57123,2470,59593
2023-04-28 22:35:16,57123,2470,59593
2023-04-28 22:35:17,57123,2470,59593
2023-04-28 22:35:18,57160,2470,59630
2023-04-28 22:35:19,57197,2470,59667
2023-04-28 22:35:20,57234,2470,59704
2023-04-28 22:35:21,57271,2470,59741
2023-04-28 22:35:22,57271,2470,59741
2023-04-28 22:35:23,57234,2470,59704
2023-04-28 22:35:24,57160,2470,59630
2023-04-28 22:35:25,57197,2470,59667
2023-04-28 22:35:26,57160,2470,59630
2023-04-28 22:35:27,57123,2470,59593
2023-04-28 22:35:28,57197,2470,59667
2023-04-28 22:35:29,57160,2470,59630
2023-04-28 22:35:30,57160,2470,59630
2023-04-28 22:35:31,57160,2470,59630
2023-04-28 22:35:32,57197,2470,59667
2023-04-28 22:35:33,57197,2470,59667
2023-04-28 22:35:34,57197,2470,59667
2023-04-28 22:35:35,57160,2470,59630
2023-04-28 22:35:36,57197,2470,59667
