time,posix_timestamp,taurus.alpha.energy
2021-05-27T14:31:15.331379+00:00,1622125875.331379,217550.08400000003
2021-05-27T14:31:16.338617+00:00,1622125876.338617,217550.10100000002
2021-05-27T14:31:17.360186+00:00,1622125877.360186,217550.11699999994
2021-05-27T14:31:18.335734+00:00,1622125878.335734,217550.13400000002
2021-05-27T14:31:19.331207+00:00,1622125879.331207,217550.15100000004
2021-05-27T14:31:20.331063+00:00,1622125880.331063,217550.16599999997
2021-05-27T14:31:21.333460+00:00,1622125881.33346,217550.18400000004
2021-05-27T14:31:22.366301+00:00,1622125882.366301,217550.199
2021-05-27T14:31:23.338586+00:00,1622125883.338586,217550.215
2021-05-27T14:31:24.339891+00:00,1622125884.339891,217550.23400000003
2021-05-27T14:31:25.330611+00:00,1622125885.330611,217550.25200000004
2021-05-27T14:31:26.332363+00:00,1622125886.332363,217550.26900000003
2021-05-27T14:31:27.350009+00:00,1622125887.350009,217550.28599999993
2021-05-27T14:31:28.339260+00:00,1622125888.33926,217550.30200000003
2021-05-27T14:31:29.344271+00:00,1622125889.344271,217550.318
2021-05-27T14:31:30.329988+00:00,1622125890.329988,217550.33700000003
2021-05-27T14:31:31.330431+00:00,1622125891.330431,217550.354
2021-05-27T14:31:32.348728+00:00,1622125892.348728,217550.37
2021-05-27T14:31:33.334999+00:00,1622125893.334999,217550.388
2021-05-27T14:31:34.329771+00:00,1622125894.329771,217550.40600000002
2021-05-27T14:31:35.330998+00:00,1622125895.330998,217550.424
2021-05-27T14:31:36.332100+00:00,1622125896.3321,217550.44200000004
2021-05-27T14:31:37.343966+00:00,1622125897.343966,217550.46000000002
2021-05-27T14:31:38.336240+00:00,1622125898.33624,217550.476
2021-05-27T14:31:39.331499+00:00,1622125899.331499,217550.49500000002
2021-05-27T14:31:40.334027+00:00,1622125900.334027,217550.51099999997
2021-05-27T14:31:41.329823+00:00,1622125901.329823,217550.53000000006
2021-05-27T14:31:42.347785+00:00,1622125902.347785,217550.548
2021-05-27T14:31:43.334666+00:00,1622125903.334666,217550.56599999996
2021-05-27T14:31:44.335023+00:00,1622125904.335023,217550.586
2021-05-27T14:31:45.332401+00:00,1622125905.332401,217550.602
2021-05-27T14:31:46.333354+00:00,1622125906.333354,217550.624
2021-05-27T14:31:47.362288+00:00,1622125907.362288,217550.64199999996
2021-05-27T14:31:48.337969+00:00,1622125908.337969,217550.66000000003
2021-05-27T14:31:49.330055+00:00,1622125909.330055,217550.67799999993
2021-05-27T14:31:50.331585+00:00,1622125910.331585,217550.7
2021-05-27T14:31:51.330200+00:00,1622125911.3302,217550.718
2021-05-27T14:31:52.346525+00:00,1622125912.346525,217550.741
2021-05-27T14:31:53.334056+00:00,1622125913.334056,217550.761
2021-05-27T14:31:54.335295+00:00,1622125914.335295,217550.8
2021-05-27T14:31:55.331454+00:00,1622125915.331454,217550.825
2021-05-27T14:31:56.342025+00:00,1622125916.342025,217550.84900000002
2021-05-27T14:31:57.345325+00:00,1622125917.345325,217550.86599999998
2021-05-27T14:31:58.331312+00:00,1622125918.331312,217550.883
2021-05-27T14:31:59.337654+00:00,1622125919.337654,217550.90000000005
2021-05-27T14:32:00.329895+00:00,1622125920.329895,217550.921
2021-05-27T14:32:01.332958+00:00,1622125921.332958,217550.939
2021-05-27T14:32:02.346636+00:00,1622125922.346636,217550.956
2021-05-27T14:32:03.330066+00:00,1622125923.330066,217550.97199999995
2021-05-27T14:32:04.334170+00:00,1622125924.33417,217550.99000000002
2021-05-27T14:32:05.344114+00:00,1622125925.344114,217551.00799999997
2021-05-27T14:32:06.330491+00:00,1622125926.330491,217551.026
2021-05-27T14:32:07.338935+00:00,1622125927.338935,217551.04200000002
2021-05-27T14:32:08.329766+00:00,1622125928.329766,217551.059
2021-05-27T14:32:09.329815+00:00,1622125929.329815,217551.076
2021-05-27T14:32:10.334149+00:00,1622125930.334149,217551.09199999998
2021-05-27T14:32:11.334464+00:00,1622125931.334464,217551.112
2021-05-27T14:32:12.346531+00:00,1622125932.346531,217551.13099999996
2021-05-27T14:32:13.336149+00:00,1622125933.336149,217551.149
2021-05-27T14:32:14.330357+00:00,1622125934.330357,217551.16899999997
2021-05-27T14:32:15.332553+00:00,1622125935.332553,217551.19099999996
2021-05-27T14:32:16.330510+00:00,1622125936.33051,217551.209
2021-05-27T14:32:17.344800+00:00,1622125937.3448,217551.22900000005
2021-05-27T14:32:18.330611+00:00,1622125938.330611,217551.25099999996
2021-05-27T14:32:19.330034+00:00,1622125939.330034,217551.27000000002
2021-05-27T14:32:20.334884+00:00,1622125940.334884,217551.288
2021-05-27T14:32:21.333544+00:00,1622125941.333544,217551.309
2021-05-27T14:32:22.346907+00:00,1622125942.346907,217551.32599999997
2021-05-27T14:32:23.330583+00:00,1622125943.330583,217551.34800000006
2021-05-27T14:32:24.331499+00:00,1622125944.331499,217551.37099999996
2021-05-27T14:32:25.331305+00:00,1622125945.331305,217551.38800000004
2021-05-27T14:32:26.330107+00:00,1622125946.330107,217551.407
2021-05-27T14:32:27.341474+00:00,1622125947.341474,217551.429
2021-05-27T14:32:28.334075+00:00,1622125948.334075,217551.448
2021-05-27T14:32:29.330720+00:00,1622125949.33072,217551.467
2021-05-27T14:32:30.333142+00:00,1622125950.333142,217551.48700000002
2021-05-27T14:32:31.334258+00:00,1622125951.334258,217551.507
2021-05-27T14:32:32.345844+00:00,1622125952.345844,217551.527
2021-05-27T14:32:33.329749+00:00,1622125953.329749,217551.549
2021-05-27T14:32:34.335654+00:00,1622125954.335654,217551.56600000002
2021-05-27T14:32:35.333440+00:00,1622125955.33344,217551.58500000002
2021-05-27T14:32:36.331707+00:00,1622125956.331707,217551.604
2021-05-27T14:32:37.367290+00:00,1622125957.36729,217551.622
2021-05-27T14:32:38.331221+00:00,1622125958.331221,217551.63999999998
2021-05-27T14:32:39.332624+00:00,1622125959.332624,217551.65699999998
2021-05-27T14:32:40.328965+00:00,1622125960.328965,217551.678
2021-05-27T14:32:41.332570+00:00,1622125961.33257,217551.699
2021-05-27T14:32:42.341717+00:00,1622125962.341717,217551.73400000003
2021-05-27T14:32:43.329749+00:00,1622125963.329749,217551.77499999997
2021-05-27T14:32:44.333656+00:00,1622125964.333656,217551.819
2021-05-27T14:32:45.335223+00:00,1622125965.335223,217551.861
2021-05-27T14:32:46.340174+00:00,1622125966.340174,217551.90599999996
2021-05-27T14:32:47.352282+00:00,1622125967.352282,217551.94700000004
2021-05-27T14:32:48.340377+00:00,1622125968.340377,217551.99300000002
2021-05-27T14:32:49.332506+00:00,1622125969.332506,217552.035
2021-05-27T14:32:50.330462+00:00,1622125970.330462,217552.079
2021-05-27T14:32:51.330750+00:00,1622125971.33075,217552.12400000004
2021-05-27T14:32:52.345791+00:00,1622125972.345791,217552.17200000002
2021-05-27T14:32:53.332407+00:00,1622125973.332407,217552.21899999998
2021-05-27T14:32:54.330684+00:00,1622125974.330684,217552.265
2021-05-27T14:32:55.331925+00:00,1622125975.331925,217552.31400000004
2021-05-27T14:32:56.336680+00:00,1622125976.33668,217552.361
2021-05-27T14:32:57.368410+00:00,1622125977.36841,217552.40800000005
2021-05-27T14:32:58.335932+00:00,1622125978.335932,217552.458
2021-05-27T14:32:59.332479+00:00,1622125979.332479,217552.50400000002
2021-05-27T14:33:00.329629+00:00,1622125980.329629,217552.554
2021-05-27T14:33:01.347098+00:00,1622125981.347098,217552.60400000002
2021-05-27T14:33:02.346680+00:00,1622125982.34668,217552.65400000004
2021-05-27T14:33:03.332374+00:00,1622125983.332374,217552.704
2021-05-27T14:33:04.330441+00:00,1622125984.330441,217552.75300000003
2021-05-27T14:33:05.331535+00:00,1622125985.331535,217552.802
2021-05-27T14:33:06.333767+00:00,1622125986.333767,217552.85299999997
2021-05-27T14:33:07.343787+00:00,1622125987.343787,217552.90300000002
2021-05-27T14:33:08.340135+00:00,1622125988.340135,217552.951
2021-05-27T14:33:09.332912+00:00,1622125989.332912,217553.00199999998
2021-05-27T14:33:10.331229+00:00,1622125990.331229,217553.05399999997
2021-05-27T14:33:11.332696+00:00,1622125991.332696,217553.10700000002
2021-05-27T14:33:12.353833+00:00,1622125992.353833,217553.15700000004
2021-05-27T14:33:13.331276+00:00,1622125993.331276,217553.20700000002
2021-05-27T14:33:14.335819+00:00,1622125994.335819,217553.257
2021-05-27T14:33:15.330137+00:00,1622125995.330137,217553.31000000006
2021-05-27T14:33:16.336120+00:00,1622125996.33612,217553.36
2021-05-27T14:33:17.358698+00:00,1622125997.358698,217553.411
2021-05-27T14:33:18.333191+00:00,1622125998.333191,217553.46300000002
2021-05-27T14:33:19.330528+00:00,1622125999.330528,217553.51400000002
2021-05-27T14:33:20.332066+00:00,1622126000.332066,217553.56600000002
2021-05-27T14:33:21.333379+00:00,1622126001.333379,217553.618
2021-05-27T14:33:22.344178+00:00,1622126002.344178,217553.671
2021-05-27T14:33:23.331056+00:00,1622126003.331056,217553.723
2021-05-27T14:33:24.340627+00:00,1622126004.340627,217553.775
2021-05-27T14:33:25.333089+00:00,1622126005.333089,217553.82700000002
2021-05-27T14:33:26.331788+00:00,1622126006.331788,217553.87900000002
2021-05-27T14:33:27.351646+00:00,1622126007.351646,217553.92899999997
2021-05-27T14:33:28.344019+00:00,1622126008.344019,217553.982
2021-05-27T14:33:29.338421+00:00,1622126009.338421,217554.035
2021-05-27T14:33:30.333912+00:00,1622126010.333912,217554.086
2021-05-27T14:33:31.329531+00:00,1622126011.329531,217554.14
2021-05-27T14:33:32.348658+00:00,1622126012.348658,217554.19
2021-05-27T14:33:33.335584+00:00,1622126013.335584,217554.24299999996
2021-05-27T14:33:34.347948+00:00,1622126014.347948,217554.294
2021-05-27T14:33:35.333102+00:00,1622126015.333102,217554.349
2021-05-27T14:33:36.329643+00:00,1622126016.329643,217554.40099999998
2021-05-27T14:33:37.352282+00:00,1622126017.352282,217554.45400000003
2021-05-27T14:33:38.338818+00:00,1622126018.338818,217554.504
2021-05-27T14:33:39.338304+00:00,1622126019.338304,217554.559
2021-05-27T14:33:40.337023+00:00,1622126020.337023,217554.61000000002
2021-05-27T14:33:41.338539+00:00,1622126021.338539,217554.66600000003
2021-05-27T14:33:42.350720+00:00,1622126022.35072,217554.716
2021-05-27T14:33:43.333818+00:00,1622126023.333818,217554.77000000002
2021-05-27T14:33:44.343364+00:00,1622126024.343364,217554.821
2021-05-27T14:33:45.336460+00:00,1622126025.33646,217554.87499999997
2021-05-27T14:33:46.340824+00:00,1622126026.340824,217554.92699999997
2021-05-27T14:33:47.343970+00:00,1622126027.34397,217554.98
2021-05-27T14:33:48.338290+00:00,1622126028.33829,217555.03200000004
2021-05-27T14:33:49.331237+00:00,1622126029.331237,217555.08700000003
2021-05-27T14:33:50.329616+00:00,1622126030.329616,217555.141
2021-05-27T14:33:51.332250+00:00,1622126031.33225,217555.19500000004
2021-05-27T14:33:52.355991+00:00,1622126032.355991,217555.24800000002
2021-05-27T14:33:53.330269+00:00,1622126033.330269,217555.3
2021-05-27T14:33:54.343363+00:00,1622126034.343363,217555.35400000002
2021-05-27T14:33:55.335163+00:00,1622126035.335163,217555.40499999997
2021-05-27T14:33:56.329130+00:00,1622126036.32913,217555.45799999998
2021-05-27T14:33:57.350434+00:00,1622126037.350434,217555.50999999998
2021-05-27T14:33:58.330613+00:00,1622126038.330613,217555.565
2021-05-27T14:33:59.338266+00:00,1622126039.338266,217555.616
2021-05-27T14:34:00.329382+00:00,1622126040.329382,217555.672
2021-05-27T14:34:01.332505+00:00,1622126041.332505,217555.72499999998
2021-05-27T14:34:02.343209+00:00,1622126042.343209,217555.77800000005
2021-05-27T14:34:03.331604+00:00,1622126043.331604,217555.83100000003
2021-05-27T14:34:04.338979+00:00,1622126044.338979,217555.883
2021-05-27T14:34:05.344627+00:00,1622126045.344627,217555.93799999997
2021-05-27T14:34:06.341231+00:00,1622126046.341231,217555.989
2021-05-27T14:34:07.348630+00:00,1622126047.34863,217556.04400000002
2021-05-27T14:34:08.335737+00:00,1622126048.335737,217556.09600000002
2021-05-27T14:34:09.330691+00:00,1622126049.330691,217556.149
2021-05-27T14:34:10.332663+00:00,1622126050.332663,217556.20299999995
2021-05-27T14:34:11.330583+00:00,1622126051.330583,217556.256
2021-05-27T14:34:12.348013+00:00,1622126052.348013,217556.31
2021-05-27T14:34:13.329428+00:00,1622126053.329428,217556.36099999998
2021-05-27T14:34:14.332673+00:00,1622126054.332673,217556.416
2021-05-27T14:34:15.343897+00:00,1622126055.343897,217556.468
2021-05-27T14:34:16.332188+00:00,1622126056.332188,217556.522
2021-05-27T14:34:17.344057+00:00,1622126057.344057,217556.575
2021-05-27T14:34:18.333870+00:00,1622126058.33387,217556.63
2021-05-27T14:34:19.329804+00:00,1622126059.329804,217556.68300000002
2021-05-27T14:34:20.333925+00:00,1622126060.333925,217556.735
2021-05-27T14:34:21.334249+00:00,1622126061.334249,217556.789
2021-05-27T14:34:22.344880+00:00,1622126062.34488,217556.84200000003
2021-05-27T14:34:23.332866+00:00,1622126063.332866,217556.89500000002
2021-05-27T14:34:24.333627+00:00,1622126064.333627,217556.949
2021-05-27T14:34:25.329302+00:00,1622126065.329302,217557.003
2021-05-27T14:34:26.330257+00:00,1622126066.330257,217557.05600000004
2021-05-27T14:34:27.349426+00:00,1622126067.349426,217557.111
2021-05-27T14:34:28.347385+00:00,1622126068.347385,217557.162
2021-05-27T14:34:29.340010+00:00,1622126069.34001,217557.21700000003
2021-05-27T14:34:30.329720+00:00,1622126070.32972,217557.269
2021-05-27T14:34:31.329625+00:00,1622126071.329625,217557.32200000001
2021-05-27T14:34:32.365498+00:00,1622126072.365498,217557.37600000005
2021-05-27T14:34:33.337623+00:00,1622126073.337623,217557.43
2021-05-27T14:34:34.333309+00:00,1622126074.333309,217557.483
2021-05-27T14:34:35.333163+00:00,1622126075.333163,217557.53700000004
2021-05-27T14:34:36.329382+00:00,1622126076.329382,217557.58800000005
2021-05-27T14:34:37.345171+00:00,1622126077.345171,217557.641
2021-05-27T14:34:38.340519+00:00,1622126078.340519,217557.69600000003
2021-05-27T14:34:39.330375+00:00,1622126079.330375,217557.75100000002
2021-05-27T14:34:40.331406+00:00,1622126080.331406,217557.804
2021-05-27T14:34:41.331797+00:00,1622126081.331797,217557.855
2021-05-27T14:34:42.338848+00:00,1622126082.338848,217557.909
2021-05-27T14:34:43.338430+00:00,1622126083.33843,217557.961
2021-05-27T14:34:44.330534+00:00,1622126084.330534,217558.01499999996
2021-05-27T14:34:45.334639+00:00,1622126085.334639,217558.069
2021-05-27T14:34:46.331543+00:00,1622126086.331543,217558.122
2021-05-27T14:34:47.346664+00:00,1622126087.346664,217558.17500000002
2021-05-27T14:34:48.330456+00:00,1622126088.330456,217558.23100000006
2021-05-27T14:34:49.331032+00:00,1622126089.331032,217558.28000000003
2021-05-27T14:34:50.336021+00:00,1622126090.336021,217558.335
2021-05-27T14:34:51.330907+00:00,1622126091.330907,217558.388
2021-05-27T14:34:52.345962+00:00,1622126092.345962,217558.44100000002
2021-05-27T14:34:53.338315+00:00,1622126093.338315,217558.49400000004
2021-05-27T14:34:54.338788+00:00,1622126094.338788,217558.54799999998
2021-05-27T14:34:55.338869+00:00,1622126095.338869,217558.601
2021-05-27T14:34:56.340255+00:00,1622126096.340255,217558.65399999998
2021-05-27T14:34:57.342742+00:00,1622126097.342742,217558.707
2021-05-27T14:34:58.328899+00:00,1622126098.328899,217558.75899999996
2021-05-27T14:34:59.330715+00:00,1622126099.330715,217558.81300000002
2021-05-27T14:35:00.342694+00:00,1622126100.342694,217558.86500000005
2021-05-27T14:35:01.332578+00:00,1622126101.332578,217558.919
2021-05-27T14:35:02.347492+00:00,1622126102.347492,217558.97100000002
2021-05-27T14:35:03.335876+00:00,1622126103.335876,217559.026
2021-05-27T14:35:04.339214+00:00,1622126104.339214,217559.07900000003
2021-05-27T14:35:05.338448+00:00,1622126105.338448,217559.132
2021-05-27T14:35:06.337845+00:00,1622126106.337845,217559.185
2021-05-27T14:35:07.336514+00:00,1622126107.336514,217559.237
2021-05-27T14:35:08.331375+00:00,1622126108.331375,217559.28999999998
2021-05-27T14:35:09.331050+00:00,1622126109.33105,217559.34299999996
2021-05-27T14:35:10.334248+00:00,1622126110.334248,217559.395
2021-05-27T14:35:11.334338+00:00,1622126111.334338,217559.44599999997
2021-05-27T14:35:12.347561+00:00,1622126112.347561,217559.5
2021-05-27T14:35:13.332019+00:00,1622126113.332019,217559.552
2021-05-27T14:35:14.331106+00:00,1622126114.331106,217559.605
2021-05-27T14:35:15.329663+00:00,1622126115.329663,217559.66000000003
2021-05-27T14:35:16.330561+00:00,1622126116.330561,217559.711
2021-05-27T14:35:17.356237+00:00,1622126117.356237,217559.765
2021-05-27T14:35:18.330107+00:00,1622126118.330107,217559.817
2021-05-27T14:35:19.334002+00:00,1622126119.334002,217559.87099999998
2021-05-27T14:35:20.337292+00:00,1622126120.337292,217559.92299999998
2021-05-27T14:35:21.330134+00:00,1622126121.330134,217559.976
2021-05-27T14:35:22.346130+00:00,1622126122.34613,217560.02699999997
2021-05-27T14:35:23.329779+00:00,1622126123.329779,217560.082
2021-05-27T14:35:24.329610+00:00,1622126124.32961,217560.13400000002
2021-05-27T14:35:25.331006+00:00,1622126125.331006,217560.18600000005
2021-05-27T14:35:26.331009+00:00,1622126126.331009,217560.23700000002
2021-05-27T14:35:27.348249+00:00,1622126127.348249,217560.28999999998
2021-05-27T14:35:28.329857+00:00,1622126128.329857,217560.343
2021-05-27T14:35:29.330528+00:00,1622126129.330528,217560.39500000002
2021-05-27T14:35:30.332417+00:00,1622126130.332417,217560.44700000001
2021-05-27T14:35:31.333933+00:00,1622126131.333933,217560.501
2021-05-27T14:35:32.354202+00:00,1622126132.354202,217560.55300000004
2021-05-27T14:35:33.329507+00:00,1622126133.329507,217560.605
2021-05-27T14:35:34.330805+00:00,1622126134.330805,217560.65699999998
2021-05-27T14:35:35.338692+00:00,1622126135.338692,217560.70999999996
2021-05-27T14:35:36.338098+00:00,1622126136.338098,217560.76100000003
2021-05-27T14:35:37.342443+00:00,1622126137.342443,217560.812
2021-05-27T14:35:38.329770+00:00,1622126138.32977,217560.865
2021-05-27T14:35:39.342165+00:00,1622126139.342165,217560.91799999998
2021-05-27T14:35:40.333218+00:00,1622126140.333218,217560.968
2021-05-27T14:35:41.332250+00:00,1622126141.33225,217561.02300000004
2021-05-27T14:35:42.363175+00:00,1622126142.363175,217561.075
2021-05-27T14:35:43.329109+00:00,1622126143.329109,217561.12600000002
2021-05-27T14:35:44.344928+00:00,1622126144.344928,217561.18000000002
2021-05-27T14:35:45.336966+00:00,1622126145.336966,217561.231
2021-05-27T14:35:46.329886+00:00,1622126146.329886,217561.28000000006
2021-05-27T14:35:47.347266+00:00,1622126147.347266,217561.33400000003
2021-05-27T14:35:48.332201+00:00,1622126148.332201,217561.38299999997
2021-05-27T14:35:49.335754+00:00,1622126149.335754,217561.43800000002
2021-05-27T14:35:50.340846+00:00,1622126150.340846,217561.48799999998
2021-05-27T14:35:51.339920+00:00,1622126151.33992,217561.54
2021-05-27T14:35:52.349583+00:00,1622126152.349583,217561.596
2021-05-27T14:35:53.330437+00:00,1622126153.330437,217561.64199999996
2021-05-27T14:35:54.332112+00:00,1622126154.332112,217561.69299999997
2021-05-27T14:35:55.331061+00:00,1622126155.331061,217561.74799999996
2021-05-27T14:35:56.360243+00:00,1622126156.360243,217561.79799999995
2021-05-27T14:35:57.344509+00:00,1622126157.344509,217561.84999999998
2021-05-27T14:35:58.329470+00:00,1622126158.32947,217561.90400000004
2021-05-27T14:35:59.330053+00:00,1622126159.330053,217561.95000000004
2021-05-27T14:36:00.337611+00:00,1622126160.337611,217562.00300000003
2021-05-27T14:36:01.329415+00:00,1622126161.329415,217562.05400000003
2021-05-27T14:36:02.339876+00:00,1622126162.339876,217562.10600000003
2021-05-27T14:36:03.334691+00:00,1622126163.334691,217562.15800000002
2021-05-27T14:36:04.329692+00:00,1622126164.329692,217562.207
2021-05-27T14:36:05.332313+00:00,1622126165.332313,217562.259
2021-05-27T14:36:06.334636+00:00,1622126166.334636,217562.309
2021-05-27T14:36:07.337494+00:00,1622126167.337494,217562.36200000008
2021-05-27T14:36:08.330757+00:00,1622126168.330757,217562.41200000004
2021-05-27T14:36:09.338409+00:00,1622126169.338409,217562.464
2021-05-27T14:36:10.337627+00:00,1622126170.337627,217562.51499999998
2021-05-27T14:36:11.329999+00:00,1622126171.329999,217562.56500000003
2021-05-27T14:36:12.347634+00:00,1622126172.347634,217562.61500000002
2021-05-27T14:36:13.338004+00:00,1622126173.338004,217562.66700000002
2021-05-27T14:36:14.330733+00:00,1622126174.330733,217562.71799999996
2021-05-27T14:36:15.332089+00:00,1622126175.332089,217562.77
2021-05-27T14:36:16.329465+00:00,1622126176.329465,217562.82
2021-05-27T14:36:17.340335+00:00,1622126177.340335,217562.87000000002
2021-05-27T14:36:18.332449+00:00,1622126178.332449,217562.91999999998
2021-05-27T14:36:19.329927+00:00,1622126179.329927,217562.96999999997
2021-05-27T14:36:20.340346+00:00,1622126180.340346,217563.019
2021-05-27T14:36:21.329665+00:00,1622126181.329665,217563.06900000002
2021-05-27T14:36:22.345529+00:00,1622126182.345529,217563.12
2021-05-27T14:36:23.333141+00:00,1622126183.333141,217563.16999999998
2021-05-27T14:36:24.333114+00:00,1622126184.333114,217563.21999999997
2021-05-27T14:36:25.333237+00:00,1622126185.333237,217563.26899999997
2021-05-27T14:36:26.330150+00:00,1622126186.33015,217563.32
2021-05-27T14:36:27.339837+00:00,1622126187.339837,217563.37000000002
2021-05-27T14:36:28.339026+00:00,1622126188.339026,217563.41900000002
2021-05-27T14:36:29.337785+00:00,1622126189.337785,217563.47
2021-05-27T14:36:30.332599+00:00,1622126190.332599,217563.519
2021-05-27T14:36:31.339977+00:00,1622126191.339977,217563.57200000004
2021-05-27T14:36:32.362288+00:00,1622126192.362288,217563.619
2021-05-27T14:36:33.335767+00:00,1622126193.335767,217563.66999999998
2021-05-27T14:36:34.338029+00:00,1622126194.338029,217563.71899999995
2021-05-27T14:36:35.338714+00:00,1622126195.338714,217563.767
2021-05-27T14:36:36.336703+00:00,1622126196.336703,217563.817
2021-05-27T14:36:37.355313+00:00,1622126197.355313,217563.867
2021-05-27T14:36:38.331359+00:00,1622126198.331359,217563.914
2021-05-27T14:36:39.334735+00:00,1622126199.334735,217563.96500000003
2021-05-27T14:36:40.341642+00:00,1622126200.341642,217564.01299999998
2021-05-27T14:36:41.341189+00:00,1622126201.341189,217564.06400000004
2021-05-27T14:36:42.342326+00:00,1622126202.342326,217564.113
2021-05-27T14:36:43.331903+00:00,1622126203.331903,217564.16100000002
2021-05-27T14:36:44.330893+00:00,1622126204.330893,217564.209
2021-05-27T14:36:45.331295+00:00,1622126205.331295,217564.26
2021-05-27T14:36:46.330454+00:00,1622126206.330454,217564.30699999997
2021-05-27T14:36:47.345442+00:00,1622126207.345442,217564.35699999996
2021-05-27T14:36:48.335686+00:00,1622126208.335686,217564.40500000006
2021-05-27T14:36:49.330332+00:00,1622126209.330332,217564.454
2021-05-27T14:36:50.329352+00:00,1622126210.329352,217564.50199999998
2021-05-27T14:36:51.332794+00:00,1622126211.332794,217564.55099999998
2021-05-27T14:36:52.345217+00:00,1622126212.345217,217564.599
2021-05-27T14:36:53.338838+00:00,1622126213.338838,217564.64800000002
2021-05-27T14:36:54.331541+00:00,1622126214.331541,217564.698
2021-05-27T14:36:55.331114+00:00,1622126215.331114,217564.743
2021-05-27T14:36:56.329474+00:00,1622126216.329474,217564.79200000002
2021-05-27T14:36:57.349082+00:00,1622126217.349082,217564.839
2021-05-27T14:36:58.329685+00:00,1622126218.329685,217564.889
2021-05-27T14:36:59.332399+00:00,1622126219.332399,217564.93500000003
2021-05-27T14:37:00.329671+00:00,1622126220.329671,217564.984
2021-05-27T14:37:01.330744+00:00,1622126221.330744,217565.033
2021-05-27T14:37:02.341120+00:00,1622126222.34112,217565.079
2021-05-27T14:37:03.336669+00:00,1622126223.336669,217565.128
2021-05-27T14:37:04.330313+00:00,1622126224.330313,217565.173
2021-05-27T14:37:05.336775+00:00,1622126225.336775,217565.22100000005
2021-05-27T14:37:06.351769+00:00,1622126226.351769,217565.266
2021-05-27T14:37:07.359850+00:00,1622126227.35985,217565.313
2021-05-27T14:37:08.330918+00:00,1622126228.330918,217565.36100000003
2021-05-27T14:37:09.330579+00:00,1622126229.330579,217565.40599999996
2021-05-27T14:37:10.337318+00:00,1622126230.337318,217565.452
2021-05-27T14:37:11.333973+00:00,1622126231.333973,217565.499
2021-05-27T14:37:12.362585+00:00,1622126232.362585,217565.54700000002
2021-05-27T14:37:13.342054+00:00,1622126233.342054,217565.59200000003
2021-05-27T14:37:14.330698+00:00,1622126234.330698,217565.638
2021-05-27T14:37:15.332953+00:00,1622126235.332953,217565.684
2021-05-27T14:37:16.329912+00:00,1622126236.329912,217565.731
2021-05-27T14:37:17.351088+00:00,1622126237.351088,217565.775
2021-05-27T14:37:18.334975+00:00,1622126238.334975,217565.82200000001
2021-05-27T14:37:19.330539+00:00,1622126239.330539,217565.86800000002
2021-05-27T14:37:20.366609+00:00,1622126240.366609,217565.913
2021-05-27T14:37:21.336448+00:00,1622126241.336448,217565.95799999998
2021-05-27T14:37:22.339650+00:00,1622126242.33965,217566.00499999998
2021-05-27T14:37:23.332025+00:00,1622126243.332025,217566.049
2021-05-27T14:37:24.338664+00:00,1622126244.338664,217566.09399999998
2021-05-27T14:37:25.341239+00:00,1622126245.341239,217566.13900000002
2021-05-27T14:37:26.339535+00:00,1622126246.339535,217566.18400000004
2021-05-27T14:37:27.353416+00:00,1622126247.353416,217566.229
2021-05-27T14:37:28.341721+00:00,1622126248.341721,217566.27300000004
2021-05-27T14:37:29.338033+00:00,1622126249.338033,217566.317
2021-05-27T14:37:30.338962+00:00,1622126250.338962,217566.36100000003
2021-05-27T14:37:31.338583+00:00,1622126251.338583,217566.40399999998
2021-05-27T14:37:32.343092+00:00,1622126252.343092,217566.451
2021-05-27T14:37:33.331594+00:00,1622126253.331594,217566.493
2021-05-27T14:37:34.337754+00:00,1622126254.337754,217566.54
2021-05-27T14:37:35.339343+00:00,1622126255.339343,217566.58400000003
2021-05-27T14:37:36.339182+00:00,1622126256.339182,217566.62699999998
2021-05-27T14:37:37.351086+00:00,1622126257.351086,217566.66699999996
2021-05-27T14:37:38.339982+00:00,1622126258.339982,217566.71199999997
2021-05-27T14:37:39.337592+00:00,1622126259.337592,217566.75400000002
2021-05-27T14:37:40.332923+00:00,1622126260.332923,217566.798
2021-05-27T14:37:41.329649+00:00,1622126261.329649,217566.84300000002
2021-05-27T14:37:42.353375+00:00,1622126262.353375,217566.881
2021-05-27T14:37:43.332020+00:00,1622126263.33202,217566.92700000003
2021-05-27T14:37:44.329772+00:00,1622126264.329772,217566.96700000003
2021-05-27T14:37:45.330667+00:00,1622126265.330667,217567.012
2021-05-27T14:37:46.331892+00:00,1622126266.331892,217567.05299999996
2021-05-27T14:37:47.341093+00:00,1622126267.341093,217567.094
2021-05-27T14:37:48.331624+00:00,1622126268.331624,217567.13600000003
2021-05-27T14:37:49.330500+00:00,1622126269.3305,217567.177
2021-05-27T14:37:50.333913+00:00,1622126270.333913,217567.219
2021-05-27T14:37:51.333808+00:00,1622126271.333808,217567.261
2021-05-27T14:37:52.338573+00:00,1622126272.338573,217567.302
2021-05-27T14:37:53.331621+00:00,1622126273.331621,217567.342
2021-05-27T14:37:54.330272+00:00,1622126274.330272,217567.385
2021-05-27T14:37:55.329407+00:00,1622126275.329407,217567.42800000004
2021-05-27T14:37:56.330816+00:00,1622126276.330816,217567.467
2021-05-27T14:37:57.355849+00:00,1622126277.355849,217567.50899999996
2021-05-27T14:37:58.332602+00:00,1622126278.332602,217567.547
2021-05-27T14:37:59.330578+00:00,1622126279.330578,217567.586
2021-05-27T14:38:00.332087+00:00,1622126280.332087,217567.63000000003
2021-05-27T14:38:01.329353+00:00,1622126281.329353,217567.67100000003
2021-05-27T14:38:02.341064+00:00,1622126282.341064,217567.71
2021-05-27T14:38:03.331308+00:00,1622126283.331308,217567.75000000003
2021-05-27T14:38:04.331618+00:00,1622126284.331618,217567.786
2021-05-27T14:38:05.341947+00:00,1622126285.341947,217567.826
2021-05-27T14:38:06.329036+00:00,1622126286.329036,217567.865
2021-05-27T14:38:07.347915+00:00,1622126287.347915,217567.904
2021-05-27T14:38:08.344108+00:00,1622126288.344108,217567.943
2021-05-27T14:38:09.329835+00:00,1622126289.329835,217567.98299999995
2021-05-27T14:38:10.332861+00:00,1622126290.332861,217568.022
2021-05-27T14:38:11.331472+00:00,1622126291.331472,217568.05899999998
2021-05-27T14:38:12.340640+00:00,1622126292.34064,217568.09699999998
2021-05-27T14:38:13.331872+00:00,1622126293.331872,217568.136
2021-05-27T14:38:14.331246+00:00,1622126294.331246,217568.171
2021-05-27T14:38:15.333045+00:00,1622126295.333045,217568.212
2021-05-27T14:38:16.331038+00:00,1622126296.331038,217568.247
2021-05-27T14:38:17.344364+00:00,1622126297.344364,217568.28600000002
2021-05-27T14:38:18.340976+00:00,1622126298.340976,217568.322
2021-05-27T14:38:19.338807+00:00,1622126299.338807,217568.35600000003
2021-05-27T14:38:20.341062+00:00,1622126300.341062,217568.39800000002
2021-05-27T14:38:21.335419+00:00,1622126301.335419,217568.43300000002
2021-05-27T14:38:22.339539+00:00,1622126302.339539,217568.46800000005
2021-05-27T14:38:23.333441+00:00,1622126303.333441,217568.50800000003
2021-05-27T14:38:24.332548+00:00,1622126304.332548,217568.54199999996
2021-05-27T14:38:25.333521+00:00,1622126305.333521,217568.577
2021-05-27T14:38:26.330942+00:00,1622126306.330942,217568.614
2021-05-27T14:38:27.344053+00:00,1622126307.344053,217568.65000000002
2021-05-27T14:38:28.338366+00:00,1622126308.338366,217568.683
2021-05-27T14:38:29.330823+00:00,1622126309.330823,217568.71999999997
2021-05-27T14:38:30.337492+00:00,1622126310.337492,217568.75499999998
2021-05-27T14:38:31.329891+00:00,1622126311.329891,217568.791
2021-05-27T14:38:32.347244+00:00,1622126312.347244,217568.82299999997
2021-05-27T14:38:33.329902+00:00,1622126313.329902,217568.859
2021-05-27T14:38:34.330281+00:00,1622126314.330281,217568.892
2021-05-27T14:38:35.331057+00:00,1622126315.331057,217568.92700000003
2021-05-27T14:38:36.332799+00:00,1622126316.332799,217568.961
2021-05-27T14:38:37.345781+00:00,1622126317.345781,217568.99599999998
2021-05-27T14:38:38.337231+00:00,1622126318.337231,217569.02699999997
2021-05-27T14:38:39.331786+00:00,1622126319.331786,217569.06100000002
2021-05-27T14:38:40.330564+00:00,1622126320.330564,217569.095
2021-05-27T14:38:41.331406+00:00,1622126321.331406,217569.127
2021-05-27T14:38:42.347047+00:00,1622126322.347047,217569.159
2021-05-27T14:38:43.337260+00:00,1622126323.33726,217569.19199999998
2021-05-27T14:38:44.329982+00:00,1622126324.329982,217569.225
2021-05-27T14:38:45.329800+00:00,1622126325.3298,217569.256
2021-05-27T14:38:46.329326+00:00,1622126326.329326,217569.287
2021-05-27T14:38:47.358095+00:00,1622126327.358095,217569.319
2021-05-27T14:38:48.329105+00:00,1622126328.329105,217569.35000000003
2021-05-27T14:38:49.329634+00:00,1622126329.329634,217569.376
2021-05-27T14:38:50.330457+00:00,1622126330.330457,217569.40700000004
2021-05-27T14:38:51.332467+00:00,1622126331.332467,217569.434
2021-05-27T14:38:52.346982+00:00,1622126332.346982,217569.462
2021-05-27T14:38:53.329482+00:00,1622126333.329482,217569.489
2021-05-27T14:38:54.336781+00:00,1622126334.336781,217569.51699999996
2021-05-27T14:38:55.334247+00:00,1622126335.334247,217569.544
2021-05-27T14:38:56.332591+00:00,1622126336.332591,217569.567
2021-05-27T14:38:57.351726+00:00,1622126337.351726,217569.59300000002
2021-05-27T14:38:58.334788+00:00,1622126338.334788,217569.62
2021-05-27T14:38:59.330004+00:00,1622126339.330004,217569.644
2021-05-27T14:39:00.338921+00:00,1622126340.338921,217569.67100000003
2021-05-27T14:39:01.332474+00:00,1622126341.332474,217569.69299999997
2021-05-27T14:39:02.353799+00:00,1622126342.353799,217569.71800000005
2021-05-27T14:39:03.331774+00:00,1622126343.331774,217569.743
2021-05-27T14:39:04.343550+00:00,1622126344.34355,217569.763
2021-05-27T14:39:05.342798+00:00,1622126345.342798,217569.79099999997
2021-05-27T14:39:06.338854+00:00,1622126346.338854,217569.817
2021-05-27T14:39:07.353880+00:00,1622126347.35388,217569.837
2021-05-27T14:39:08.342464+00:00,1622126348.342464,217569.86000000004
2021-05-27T14:39:09.331753+00:00,1622126349.331753,217569.88600000003
2021-05-27T14:39:10.330409+00:00,1622126350.330409,217569.91
2021-05-27T14:39:11.331098+00:00,1622126351.331098,217569.932
2021-05-27T14:39:12.347159+00:00,1622126352.347159,217569.955
2021-05-27T14:39:13.331464+00:00,1622126353.331464,217569.97600000005
2021-05-27T14:39:14.331839+00:00,1622126354.331839,217570.0
2021-05-27T14:39:15.332438+00:00,1622126355.332438,217570.02300000002
2021-05-27T14:39:16.332038+00:00,1622126356.332038,217570.045
2021-05-27T14:39:17.353410+00:00,1622126357.35341,217570.06999999998
2021-05-27T14:39:18.329268+00:00,1622126358.329268,217570.08699999997
2021-05-27T14:39:19.330518+00:00,1622126359.330518,217570.11100000003
2021-05-27T14:39:20.350074+00:00,1622126360.350074,217570.134
2021-05-27T14:39:21.341055+00:00,1622126361.341055,217570.15600000005
2021-05-27T14:39:22.348631+00:00,1622126362.348631,217570.17899999997
2021-05-27T14:39:23.338840+00:00,1622126363.33884,217570.19800000003
2021-05-27T14:39:24.340955+00:00,1622126364.340955,217570.22
2021-05-27T14:39:25.339707+00:00,1622126365.339707,217570.241
2021-05-27T14:39:26.341262+00:00,1622126366.341262,217570.263
2021-05-27T14:39:27.355611+00:00,1622126367.355611,217570.28099999996
2021-05-27T14:39:28.339653+00:00,1622126368.339653,217570.306
2021-05-27T14:39:29.338914+00:00,1622126369.338914,217570.325
2021-05-27T14:39:30.340455+00:00,1622126370.340455,217570.345
2021-05-27T14:39:31.331902+00:00,1622126371.331902,217570.36300000004
2021-05-27T14:39:32.353451+00:00,1622126372.353451,217570.38299999997
2021-05-27T14:39:33.331446+00:00,1622126373.331446,217570.40500000003
2021-05-27T14:39:34.330618+00:00,1622126374.330618,217570.424
2021-05-27T14:39:35.330565+00:00,1622126375.330565,217570.445
2021-05-27T14:39:36.330561+00:00,1622126376.330561,217570.46600000001
2021-05-27T14:39:37.339114+00:00,1622126377.339114,217570.48700000002
2021-05-27T14:39:38.329429+00:00,1622126378.329429,217570.51
2021-05-27T14:39:39.332926+00:00,1622126379.332926,217570.53399999999
2021-05-27T14:39:40.332948+00:00,1622126380.332948,217570.553
2021-05-27T14:39:41.332989+00:00,1622126381.332989,217570.576
2021-05-27T14:39:42.353735+00:00,1622126382.353735,217570.597
2021-05-27T14:39:43.337721+00:00,1622126383.337721,217570.616
2021-05-27T14:39:44.332503+00:00,1622126384.332503,217570.63999999998
2021-05-27T14:39:45.343477+00:00,1622126385.343477,217570.66199999998
2021-05-27T14:39:46.330231+00:00,1622126386.330231,217570.68400000004
2021-05-27T14:39:47.350346+00:00,1622126387.350346,217570.70499999996
2021-05-27T14:39:48.331084+00:00,1622126388.331084,217570.72500000003
2021-05-27T14:39:49.331062+00:00,1622126389.331062,217570.74500000002
2021-05-27T14:39:50.335292+00:00,1622126390.335292,217570.769
2021-05-27T14:39:51.332527+00:00,1622126391.332527,217570.792
2021-05-27T14:39:52.345762+00:00,1622126392.345762,217570.81100000002
2021-05-27T14:39:53.340375+00:00,1622126393.340375,217570.835
2021-05-27T14:39:54.330665+00:00,1622126394.330665,217570.854
2021-05-27T14:39:55.330048+00:00,1622126395.330048,217570.876
2021-05-27T14:39:56.332545+00:00,1622126396.332545,217570.89399999997
2021-05-27T14:39:57.352060+00:00,1622126397.35206,217570.915
2021-05-27T14:39:58.334670+00:00,1622126398.33467,217570.935
2021-05-27T14:39:59.331259+00:00,1622126399.331259,217570.954
2021-05-27T14:40:00.343408+00:00,1622126400.343408,217570.97499999998
2021-05-27T14:40:01.330449+00:00,1622126401.330449,217570.996
2021-05-27T14:40:02.347240+00:00,1622126402.34724,217571.01600000003
2021-05-27T14:40:03.329980+00:00,1622126403.32998,217571.03399999999
2021-05-27T14:40:04.329999+00:00,1622126404.329999,217571.054
2021-05-27T14:40:05.329421+00:00,1622126405.329421,217571.072
2021-05-27T14:40:06.338420+00:00,1622126406.33842,217571.091
2021-05-27T14:40:07.347674+00:00,1622126407.347674,217571.11300000004
2021-05-27T14:40:08.328622+00:00,1622126408.328622,217571.129
2021-05-27T14:40:09.332038+00:00,1622126409.332038,217571.14899999995
2021-05-27T14:40:10.331632+00:00,1622126410.331632,217571.16700000004
2021-05-27T14:40:11.330028+00:00,1622126411.330028,217571.18800000002
2021-05-27T14:40:12.349176+00:00,1622126412.349176,217571.207
2021-05-27T14:40:13.330015+00:00,1622126413.330015,217571.22600000002
2021-05-27T14:40:14.331130+00:00,1622126414.33113,217571.24500000005
2021-05-27T14:40:15.331464+00:00,1622126415.331464,217571.26499999996
2021-05-27T14:40:16.330967+00:00,1622126416.330967,217571.284
2021-05-27T14:40:17.344396+00:00,1622126417.344396,217571.306
2021-05-27T14:40:18.331278+00:00,1622126418.331278,217571.324
2021-05-27T14:40:19.333590+00:00,1622126419.33359,217571.34399999998
2021-05-27T14:40:20.336102+00:00,1622126420.336102,217571.36299999998
2021-05-27T14:40:21.336027+00:00,1622126421.336027,217571.38100000002
2021-05-27T14:40:22.340605+00:00,1622126422.340605,217571.401
2021-05-27T14:40:23.330165+00:00,1622126423.330165,217571.42
2021-05-27T14:40:24.332014+00:00,1622126424.332014,217571.43700000003
2021-05-27T14:40:25.331639+00:00,1622126425.331639,217571.458
2021-05-27T14:40:26.332464+00:00,1622126426.332464,217571.47599999997
2021-05-27T14:40:27.341831+00:00,1622126427.341831,217571.493
2021-05-27T14:40:28.338650+00:00,1622126428.33865,217571.51400000002
